geoid,name,B08006001 - Total:,"B08006001 - Total:, Error","B08006002 - Car, truck, or van:","B08006002 - Car, truck, or van:, Error",B08006003 - Drove alone,"B08006003 - Drove alone, Error",B08006004 - Carpooled:,"B08006004 - Carpooled:, Error",B08006005 - In 2-person carpool,"B08006005 - In 2-person carpool, Error",B08006006 - In 3-person carpool,"B08006006 - In 3-person carpool, Error",B08006007 - In 4-or-more-person carpool,"B08006007 - In 4-or-more-person carpool, Error",B08006008 - Public transportation (excluding taxicab):,"B08006008 - Public transportation (excluding taxicab):, Error",B08006009 - Bus or trolley bus,"B08006009 - Bus or trolley bus, Error",B08006010 - Streetcar or trolley car (carro publico in Puerto Rico),"B08006010 - Streetcar or trolley car (carro publico in Puerto Rico), Error",B08006011 - Subway or elevated,"B08006011 - Subway or elevated, Error",B08006012 - Railroad,"B08006012 - Railroad, Error",B08006013 - Ferryboat,"B08006013 - Ferryboat, Error",B08006014 - Bicycle,"B08006014 - Bicycle, Error",B08006015 - Walked,"B08006015 - Walked, Error","B08006016 - Taxicab, motorcycle, or other means","B08006016 - Taxicab, motorcycle, or other means, Error",B08006017 - Worked at home,"B08006017 - Worked at home, Error",B08006018 - Male:,"B08006018 - Male:, Error","B08006019 - Car, truck, or van:","B08006019 - Car, truck, or van:, Error",B08006020 - Drove alone,"B08006020 - Drove alone, Error",B08006021 - Carpooled:,"B08006021 - Carpooled:, Error",B08006022 - In 2-person carpool,"B08006022 - In 2-person carpool, Error",B08006023 - In 3-person carpool,"B08006023 - In 3-person carpool, Error",B08006024 - In 4-or-more-person carpool,"B08006024 - In 4-or-more-person carpool, Error",B08006025 - Public transportation (excluding taxicab):,"B08006025 - Public transportation (excluding taxicab):, Error",B08006026 - Bus or trolley bus,"B08006026 - Bus or trolley bus, Error",B08006027 - Streetcar or trolley car (carro publico in Puerto Rico),"B08006027 - Streetcar or trolley car (carro publico in Puerto Rico), Error",B08006028 - Subway or elevated,"B08006028 - Subway or elevated, Error",B08006029 - Railroad,"B08006029 - Railroad, Error",B08006030 - Ferryboat,"B08006030 - Ferryboat, Error",B08006031 - Bicycle,"B08006031 - Bicycle, Error",B08006032 - Walked,"B08006032 - Walked, Error","B08006033 - Taxicab, motorcycle, or other means","B08006033 - Taxicab, motorcycle, or other means, Error",B08006034 - Worked at home,"B08006034 - Worked at home, Error",B08006035 - Female:,"B08006035 - Female:, Error","B08006036 - Car, truck, or van:","B08006036 - Car, truck, or van:, Error",B08006037 - Drove alone,"B08006037 - Drove alone, Error",B08006038 - Carpooled:,"B08006038 - Carpooled:, Error",B08006039 - In 2-person carpool,"B08006039 - In 2-person carpool, Error",B08006040 - In 3-person carpool,"B08006040 - In 3-person carpool, Error",B08006041 - In 4-or-more-person carpool,"B08006041 - In 4-or-more-person carpool, Error",B08006042 - Public transportation (excluding taxicab):,"B08006042 - Public transportation (excluding taxicab):, Error",B08006043 - Bus or trolley bus,"B08006043 - Bus or trolley bus, Error",B08006044 - Streetcar or trolley car (carro publico in Puerto Rico),"B08006044 - Streetcar or trolley car (carro publico in Puerto Rico), Error",B08006045 - Subway or elevated,"B08006045 - Subway or elevated, Error",B08006046 - Railroad,"B08006046 - Railroad, Error",B08006047 - Ferryboat,"B08006047 - Ferryboat, Error",B08006048 - Bicycle,"B08006048 - Bicycle, Error",B08006049 - Walked,"B08006049 - Walked, Error","B08006050 - Taxicab, motorcycle, or other means","B08006050 - Taxicab, motorcycle, or other means, Error",B08006051 - Worked at home,"B08006051 - Worked at home, Error"
01000US,United States,139786639,142773,120356737,161792,106725474,111405,13631263,60703,10522671,43709,1818712,18975,1289880,11386,7000722,21139,3670204,15845,84019,2063,2441478,12996,763025,7141,41996,1660,802450,7657,3922801,16357,1657544,11639,6046385,21247,73771662,83486,63408460,100457,56018083,83747,7390377,26789,5584414,22585,1009180,9488,796783,8002,3479199,12373,1733491,9933,43924,1690,1230574,8102,446280,5100,24930,1082,586315,5646,2115176,12476,1087296,8606,3095216,15747,66014977,69521,56948277,70552,50707391,43520,6240886,39558,4938257,26385,809532,12077,493097,6429,3521523,14021,1936713,10472,40095,1267,1210904,8641,316745,3864,17066,977,216135,3622,1807625,9704,570248,7022,2951169,12788
04000US09,Connecticut,1727286,4741,1503547,5331,1359050,5547,144497,3457,113668,3314,17509,1006,13320,1062,80574,2190,44820,1719,300,145,2535,300,32603,1398,316,120,4793,513,52155,1728,15162,859,71055,1726,892745,3579,771470,4030,695486,4109,75984,2020,57476,1960,10081,719,8427,765,44561,1559,20524,1174,240,137,1638,253,21943,1035,216,97,3695,485,28580,1450,8668,683,35771,1180,834541,3328,732077,3266,663564,3331,68513,2213,56192,1973,7428,640,4893,598,36013,1541,24296,1296,60,34,897,141,10660,705,100,57,1098,203,23575,810,6494,688,35284,1036
06000US0900104720,"Bethel town, Fairfield County, CT",10107,391,8906,375,8227,391,679,164,564,151,53,45,62,40,494,163,30,47,0,19,100,109,364,164,0,19,155,106,194,113,24,27,334,127,5207,288,4448,302,4142,305,306,102,256,89,22,25,28,24,391,146,30,47,0,19,91,114,270,142,0,19,129,100,65,50,24,27,150,70,4900,305,4458,313,4085,309,373,130,308,115,31,39,34,40,103,77,0,19,0,19,9,17,94,72,0,19,26,34,129,94,0,19,184,78
06000US0900108070,"Bridgeport town, Fairfield County, CT",62433,1370,50561,1351,41792,1305,8769,768,6898,698,1124,306,747,286,7093,634,4833,484,10,16,163,85,2087,353,0,28,220,115,2954,464,681,205,924,257,30345,1009,24583,903,19947,887,4636,550,3360,443,721,226,555,258,3251,497,2050,383,10,16,72,55,1119,255,0,28,186,105,1503,362,381,150,441,153,32088,1028,25978,905,21845,873,4133,453,3538,444,403,167,192,99,3842,456,2783,371,0,28,91,65,968,219,0,28,34,44,1451,254,300,115,483,173
06000US0900108980,"Brookfield town, Fairfield County, CT",8769,425,7738,476,7393,490,345,132,279,127,59,48,7,12,229,90,16,26,0,19,16,26,197,85,0,19,16,26,31,29,30,29,725,261,4537,320,3902,372,3735,381,167,77,101,66,59,48,7,12,104,50,0,19,0,19,0,19,104,50,0,19,16,26,23,27,23,26,469,195,4232,336,3836,328,3658,330,178,81,178,81,0,19,0,19,125,72,16,26,0,19,16,26,93,64,0,19,0,19,8,13,7,11,256,105
06000US0900118500,"Danbury town, Fairfield County, CT",43777,1085,38599,1027,32762,1135,5837,814,3728,522,1086,357,1023,384,1771,390,1150,305,0,28,45,43,576,192,0,28,42,54,976,267,1228,354,1161,249,23036,1000,20446,809,17317,801,3129,580,1639,318,745,317,745,335,787,264,464,209,0,28,45,43,278,106,0,28,42,54,500,199,687,304,574,168,20741,924,18153,886,15445,907,2708,461,2089,359,341,157,278,130,984,270,686,220,0,28,0,28,298,136,0,28,0,28,476,191,541,231,587,170
06000US0900118850,"Darien town, Fairfield County, CT",7783,372,4793,397,4502,380,291,119,229,122,26,30,36,34,2042,206,40,44,19,22,15,16,1968,202,0,22,0,22,202,82,59,39,687,142,4745,231,2601,232,2435,223,166,80,138,77,0,22,28,25,1655,164,14,18,6,10,7,11,1628,160,0,22,0,22,107,70,51,36,331,88,3038,258,2192,259,2067,250,125,60,91,59,26,30,8,14,387,107,26,40,13,21,8,12,340,96,0,22,0,22,95,51,8,12,356,106
06000US0900123890,"Easton town, Fairfield County, CT",3634,211,2863,215,2760,220,103,63,90,59,11,14,2,4,178,66,0,17,0,17,11,17,167,66,0,17,0,17,33,31,49,47,511,136,2154,145,1663,165,1602,166,61,47,48,41,11,14,2,4,147,61,0,17,0,17,11,17,136,61,0,17,0,17,33,31,30,44,281,87,1480,148,1200,149,1158,142,42,40,42,40,0,17,0,17,31,26,0,17,0,17,0,17,31,26,0,17,0,17,0,17,19,21,230,76
06000US0900126620,"Fairfield town, Fairfield County, CT",26836,554,20650,557,19273,560,1377,278,1008,235,114,61,255,77,2947,370,103,66,11,16,170,54,2663,353,0,28,53,43,931,166,238,82,2017,291,14402,420,10652,442,9945,420,707,174,534,161,46,29,127,59,2135,289,82,59,11,16,133,50,1909,266,0,28,41,39,371,113,167,64,1036,201,12434,443,9998,400,9328,417,670,165,474,126,68,55,128,57,812,167,21,28,0,28,37,29,754,163,0,28,12,19,560,135,71,45,981,196
06000US0900133620,"Greenwich town, Fairfield County, CT",26396,734,18224,715,16440,707,1784,285,1478,240,130,68,176,129,4705,443,176,78,10,16,212,78,4280,421,27,30,38,37,1194,249,234,79,2001,278,15318,485,9898,502,9034,493,864,197,697,146,28,26,139,115,3544,335,123,74,10,16,137,58,3247,331,27,30,8,12,598,196,122,47,1148,229,11078,576,8326,495,7406,496,920,192,781,170,102,52,37,32,1161,202,53,38,0,28,75,42,1033,190,0,28,30,35,596,156,112,65,853,159
06000US0900148620,"Monroe town, Fairfield County, CT",9395,419,8609,413,8127,395,482,179,321,138,144,124,17,24,199,121,31,45,0,19,0,19,168,107,0,19,0,19,126,99,0,19,461,173,4833,277,4264,288,3998,260,266,155,148,108,116,115,2,5,156,112,31,45,0,19,0,19,125,97,0,19,0,19,106,95,0,19,307,141,4562,336,4345,344,4129,343,216,90,173,83,28,45,15,24,43,40,0,19,0,19,0,19,43,40,0,19,0,19,20,28,0,19,154,89
06000US0900150580,"New Canaan town, Fairfield County, CT",7668,394,5013,354,4710,343,303,105,227,96,37,30,39,43,1467,238,0,22,16,26,18,20,1433,235,0,22,9,15,249,134,39,36,891,170,4657,278,2911,286,2750,272,161,90,143,86,18,20,0,22,1144,176,0,22,16,26,18,20,1110,176,0,22,9,15,144,111,28,31,421,115,3011,271,2102,236,1960,227,142,64,84,45,19,22,39,43,323,128,0,22,0,22,0,22,323,128,0,22,0,22,105,77,11,18,470,123
06000US0900150860,"New Fairfield town, Fairfield County, CT",6849,256,6159,278,5612,283,547,182,496,168,43,34,8,14,223,86,64,54,0,19,7,11,152,69,0,19,0,19,28,31,33,30,406,119,3693,178,3182,205,2927,188,255,92,232,87,20,22,3,7,185,81,53,51,0,19,7,11,125,67,0,19,0,19,13,19,33,30,280,99,3156,179,2977,181,2685,200,292,107,264,101,23,26,5,12,38,28,11,17,0,19,0,19,27,23,0,19,0,19,15,22,0,19,126,55
06000US0900152980,"Newtown town, Fairfield County, CT",13707,441,12269,483,11598,516,671,185,530,158,101,80,40,38,296,98,95,69,9,15,24,27,168,78,0,22,0,22,217,86,52,41,873,188,7419,298,6663,310,6311,324,352,117,259,100,68,58,25,34,176,75,30,45,9,15,24,27,113,59,0,22,0,22,117,58,20,17,443,111,6288,334,5606,350,5287,363,319,105,271,92,33,36,15,16,120,69,65,56,0,22,0,22,55,43,0,22,0,22,100,57,32,38,430,128
06000US0900156060,"Norwalk town, Fairfield County, CT",46245,799,38944,1064,34737,1188,4207,531,2874,431,911,295,422,140,4261,505,1746,361,9,13,112,74,2394,327,0,28,58,49,993,252,257,116,1732,313,24396,748,20256,778,18078,837,2178,367,1382,269,493,224,303,129,2647,454,995,314,0,28,76,66,1576,285,0,28,51,47,472,157,149,85,821,180,21849,755,18688,804,16659,817,2029,334,1492,290,418,153,119,66,1614,243,751,203,9,13,36,33,818,145,0,28,7,12,521,193,108,84,911,238
06000US0900163480,"Redding town, Fairfield County, CT",4185,257,3537,220,3410,219,127,91,118,86,9,14,0,17,208,90,1,4,0,17,29,31,178,87,0,17,8,13,99,63,73,52,260,93,2255,221,1928,195,1876,192,52,49,52,49,0,17,0,17,75,55,1,4,0,17,13,21,61,49,0,17,8,13,48,41,44,46,152,63,1930,195,1609,166,1534,155,75,69,66,66,9,14,0,17,133,82,0,17,0,17,16,23,117,74,0,17,0,17,51,39,29,35,108,52
06000US0900163970,"Ridgefield town, Fairfield County, CT",11090,361,9163,368,8573,363,590,198,502,188,78,56,10,15,555,113,70,62,0,22,81,49,404,93,0,22,30,30,218,105,27,32,1097,172,6277,246,5140,252,4865,253,275,103,252,94,23,23,0,22,411,105,44,51,0,22,72,48,295,88,0,22,19,23,107,61,9,16,591,116,4813,336,4023,325,3708,322,315,124,250,124,55,47,10,15,144,66,26,32,0,22,9,13,109,58,0,22,11,19,111,79,18,28,506,113
06000US0900168170,"Shelton town, Fairfield County, CT",20146,671,19025,726,18047,744,978,224,906,208,13,18,59,48,329,131,52,65,0,25,16,26,261,97,0,25,0,25,114,62,80,58,598,140,10197,458,9563,483,9030,493,533,146,502,138,0,25,31,26,207,85,2,4,0,25,0,25,205,85,0,25,0,25,52,43,80,58,295,100,9949,520,9462,512,9017,519,445,139,404,134,13,18,28,30,122,93,50,65,0,25,16,26,56,44,0,25,0,25,62,42,0,25,303,93
06000US0900168310,"Sherman town, Fairfield County, CT",1795,133,1526,130,1433,148,93,70,93,70,0,12,0,12,49,36,10,15,0,12,0,12,39,32,0,12,0,12,70,49,19,21,131,69,928,117,783,113,750,111,33,32,33,32,0,12,0,12,49,36,10,15,0,12,0,12,39,32,0,12,0,12,28,22,0,12,68,39,867,124,743,123,683,131,60,53,60,53,0,12,0,12,0,12,0,12,0,12,0,12,0,12,0,12,0,12,42,35,19,21,63,44
06000US0900173070,"Stamford town, Fairfield County, CT",62792,1328,48908,1253,42131,1300,6777,818,4805,682,1154,282,818,273,7455,646,3023,418,14,20,256,107,4162,528,0,28,168,116,3213,510,521,179,2527,361,34822,1120,26538,1008,22448,970,4090,668,2610,476,932,252,548,239,4198,567,1485,397,2,6,188,90,2523,381,0,28,123,111,2235,489,346,137,1382,231,27970,903,22370,840,19683,921,2687,469,2195,415,222,99,270,130,3257,372,1538,327,12,20,68,46,1639,296,0,28,45,40,978,233,175,114,1145,241
06000US0900174190,"Stratford town, Fairfield County, CT",25137,693,22126,677,20241,632,1885,313,1533,264,136,93,216,132,1582,257,502,146,0,28,84,50,996,217,0,28,78,64,364,138,165,88,822,144,12528,523,10886,479,9921,480,965,201,788,169,45,40,132,101,998,219,283,139,0,28,74,44,641,182,0,28,63,46,130,74,127,76,324,93,12609,545,11240,539,10320,508,920,193,745,166,91,57,84,57,584,169,219,117,0,28,10,14,355,129,0,28,15,23,234,121,38,50,498,116
06000US0900177200,"Trumbull town, Fairfield County, CT",16914,458,15195,494,14270,480,925,217,724,178,146,101,55,48,535,130,16,15,0,25,21,23,498,130,0,25,55,54,106,47,101,67,922,190,9059,365,7959,359,7475,333,484,154,368,114,102,76,14,16,399,122,0,25,0,25,10,15,389,120,0,25,55,54,71,44,39,34,536,134,7855,378,7236,369,6795,375,441,122,356,111,44,51,41,42,136,54,16,15,0,25,11,18,109,51,0,25,0,25,35,30,62,57,386,108
06000US0900183430,"Weston town, Fairfield County, CT",4085,230,2731,230,2647,222,84,46,68,39,14,23,2,5,667,142,7,11,0,19,16,18,644,142,0,19,0,19,48,67,21,23,618,110,2528,142,1732,166,1680,162,52,32,52,32,0,19,0,19,498,116,7,11,0,19,16,18,475,117,0,19,0,19,8,12,21,23,269,87,1557,190,999,143,967,143,32,29,16,18,14,23,2,5,169,71,0,19,0,19,0,19,169,71,0,19,0,19,40,61,0,19,349,72
06000US0900183500,"Westport town, Fairfield County, CT",11436,443,6986,458,6658,445,328,105,248,89,21,34,59,66,2466,286,12,16,0,22,134,61,2320,280,0,22,37,55,220,103,98,56,1629,281,6706,321,3826,334,3652,309,174,85,129,59,0,22,45,62,1840,275,1,3,0,22,77,40,1762,271,0,22,0,22,170,94,74,51,796,189,4730,337,3160,306,3006,306,154,77,119,61,21,34,14,22,626,140,11,16,0,22,57,47,558,138,0,22,37,55,50,39,24,23,833,146
06000US0900186370,"Wilton town, Fairfield County, CT",7851,267,5710,275,5397,296,313,109,256,96,46,60,11,17,1007,145,24,27,0,19,22,18,961,143,0,19,18,22,90,66,20,22,1006,184,4419,206,3081,197,2973,205,108,59,74,44,34,42,0,19,741,127,2,8,0,19,14,16,725,127,0,19,8,13,30,22,20,22,539,120,3432,251,2629,246,2424,246,205,75,182,74,12,19,11,17,266,87,22,25,0,19,8,14,236,79,0,19,10,17,60,61,0,19,467,118
06000US0900302060,"Avon town, Hartford County, CT",8462,364,7540,383,7289,390,251,105,232,101,0,19,19,28,45,33,39,33,0,19,0,19,6,11,0,19,15,23,141,85,102,91,619,156,4713,237,4189,237,4072,239,117,56,116,56,0,19,1,5,20,20,20,20,0,19,0,19,0,19,0,19,15,23,135,80,74,80,280,99,3749,266,3351,265,3217,267,134,70,116,64,0,19,18,27,25,25,19,23,0,19,0,19,6,11,0,19,0,19,6,15,28,30,339,133
06000US0900304300,"Berlin town, Hartford County, CT",10598,451,9927,468,9171,500,756,220,602,196,144,111,10,16,46,45,16,25,0,22,30,38,0,22,0,22,0,22,90,60,153,143,382,153,5381,331,5110,337,4692,343,418,136,324,114,94,87,0,22,36,42,16,25,0,22,20,34,0,22,0,22,0,22,57,52,15,23,163,82,5217,324,4817,338,4479,329,338,129,278,117,50,60,10,16,10,17,0,22,0,22,10,17,0,22,0,22,0,22,33,38,138,137,219,102
06000US0900305910,"Bloomfield town, Hartford County, CT",10068,542,9496,526,8613,531,883,248,732,223,142,97,9,14,242,115,242,115,0,22,0,22,0,22,0,22,6,16,65,46,57,48,202,82,4650,397,4401,377,4034,361,367,142,301,130,66,67,0,22,112,76,112,76,0,22,0,22,0,22,0,22,6,16,18,22,27,33,86,52,5418,361,5095,368,4579,326,516,203,431,183,76,64,9,14,130,87,130,87,0,22,0,22,0,22,0,22,0,22,47,42,30,34,116,57
06000US0900308490,"Bristol town, Hartford County, CT",29568,648,27773,680,25157,763,2616,465,2376,460,103,60,137,80,253,140,253,140,0,28,0,28,0,28,0,28,36,42,356,157,360,135,790,176,15244,608,14290,589,12956,611,1334,314,1183,317,88,57,63,50,151,98,151,98,0,28,0,28,0,28,0,28,36,42,203,121,238,112,326,88,14324,503,13483,517,12201,529,1282,287,1193,280,15,18,74,53,102,58,102,58,0,28,0,28,0,28,0,28,0,28,153,90,122,87,464,125
06000US0900310100,"Burlington town, Hartford County, CT",4932,246,4646,255,4239,270,407,147,236,99,141,114,30,32,18,14,18,14,0,17,0,17,0,17,0,17,13,20,10,18,0,17,245,80,2551,193,2409,190,2216,190,193,90,130,72,51,58,12,19,9,14,9,14,0,17,0,17,0,17,0,17,13,20,0,17,0,17,120,55,2381,195,2237,194,2023,205,214,100,106,59,90,74,18,27,9,15,9,15,0,17,0,17,0,17,0,17,0,17,10,18,0,17,125,61
06000US0900312270,"Canton town, Hartford County, CT",5079,291,4629,301,4486,301,143,91,120,86,23,27,0,19,50,39,50,39,0,19,0,19,0,19,0,19,32,29,31,29,32,29,305,124,2675,207,2426,213,2359,219,67,49,59,48,8,13,0,19,26,30,26,30,0,19,0,19,0,19,0,19,32,29,11,17,32,29,148,68,2404,220,2203,226,2127,221,76,52,61,45,15,25,0,19,24,26,24,26,0,19,0,19,0,19,0,19,0,19,20,24,0,19,157,82
06000US0900322070,"East Granby town, Hartford County, CT",2757,171,2462,191,2268,190,194,101,154,90,40,46,0,17,0,17,0,17,0,17,0,17,0,17,0,17,15,24,55,80,18,28,207,92,1479,149,1280,170,1136,168,144,93,119,82,25,37,0,17,0,17,0,17,0,17,0,17,0,17,0,17,15,24,55,80,0,17,129,76,1278,154,1182,157,1132,163,50,38,35,39,15,26,0,17,0,17,0,17,0,17,0,17,0,17,0,17,0,17,0,17,18,28,78,55
06000US0900322630,"East Hartford town, Hartford County, CT",24307,854,21335,835,17910,742,3425,582,3084,583,173,90,168,85,1873,354,1841,350,17,27,15,25,0,28,0,28,92,60,391,142,192,75,424,157,12113,566,10819,546,9121,531,1698,403,1509,406,82,45,107,74,739,273,707,271,17,27,15,25,0,28,0,28,81,53,231,111,85,45,158,59,12194,673,10516,659,8789,606,1727,283,1575,275,91,73,61,45,1134,264,1134,264,0,28,0,28,0,28,0,28,11,17,160,101,107,60,266,148
06000US0900324800,"East Windsor town, Hartford County, CT",5734,408,5538,422,4974,391,564,203,394,162,133,108,37,38,6,12,6,12,0,19,0,19,0,19,0,19,22,36,13,21,0,19,155,83,2900,307,2795,318,2469,276,326,170,207,129,119,103,0,19,1,2,1,2,0,19,0,19,0,19,0,19,0,19,13,21,0,19,91,64,2834,264,2743,257,2505,250,238,118,187,112,14,21,37,38,5,11,5,11,0,19,0,19,0,19,0,19,22,36,0,19,0,19,64,47
06000US0900325990,"Enfield town, Hartford County, CT",20951,656,19335,655,17769,645,1566,292,1343,280,129,69,94,81,236,93,236,93,0,25,0,25,0,25,0,25,202,133,296,142,180,101,702,151,10585,508,9680,448,8890,471,790,194,654,195,74,55,62,74,135,73,135,73,0,25,0,25,0,25,0,25,192,133,219,123,87,48,272,108,10366,431,9655,447,8879,439,776,158,689,143,55,35,32,30,101,69,101,69,0,25,0,25,0,25,0,25,10,15,77,67,93,85,430,137
06000US0900327600,"Farmington town, Hartford County, CT",12737,416,11701,458,11107,443,594,184,561,175,0,22,33,26,220,94,152,75,0,22,21,25,47,60,0,22,34,40,159,97,100,60,523,128,6766,321,6185,325,5898,333,287,102,274,97,0,22,13,20,151,84,93,57,0,22,11,17,47,60,0,22,34,40,64,48,85,56,247,82,5971,338,5516,349,5209,330,307,104,287,98,0,22,20,15,69,47,59,46,0,22,10,17,0,22,0,22,0,22,95,65,15,22,276,91
06000US0900331240,"Glastonbury town, Hartford County, CT",17202,495,15404,528,14348,558,1056,243,883,212,80,67,93,105,93,49,75,44,0,25,0,25,18,26,0,25,0,25,350,185,201,82,1154,193,9155,398,8258,388,7765,403,493,158,394,133,39,46,60,57,57,43,39,33,0,25,0,25,18,26,0,25,0,25,167,120,103,60,570,131,8047,349,7146,376,6583,378,563,139,489,122,41,47,33,55,36,30,36,30,0,25,0,25,0,25,0,25,0,25,183,117,98,49,584,149
06000US0900332640,"Granby town, Hartford County, CT",6227,256,5718,279,5367,290,351,169,328,161,12,18,11,16,23,26,23,26,0,19,0,19,0,19,0,19,0,19,45,42,51,47,390,126,3249,198,2932,224,2784,226,148,102,146,102,0,19,2,5,23,26,23,26,0,19,0,19,0,19,0,19,0,19,45,42,51,47,198,105,2978,212,2786,215,2583,227,203,92,182,84,12,18,9,15,0,19,0,19,0,19,0,19,0,19,0,19,0,19,0,19,0,19,192,79
06000US0900337070,"Hartford town, Hartford County, CT",46436,1376,32337,1115,26012,944,6325,728,5191,565,538,181,596,334,8288,723,8233,719,44,45,0,28,11,17,0,28,391,199,3447,473,822,211,1151,263,22546,1101,15950,946,12917,772,3033,551,2304,386,286,124,443,297,3602,493,3579,488,23,36,0,28,0,28,0,28,319,164,1789,375,366,138,520,210,23890,885,16387,706,13095,609,3292,395,2887,332,252,114,153,103,4686,497,4654,500,21,27,0,28,11,17,0,28,72,60,1658,277,456,158,631,187
06000US0900337140,"Hartland town, Hartford County, CT",1115,95,1053,97,971,95,82,52,82,52,0,12,0,12,0,12,0,12,0,12,0,12,0,12,0,12,0,12,8,8,0,12,54,23,568,44,542,45,499,47,43,21,43,21,0,12,0,12,0,12,0,12,0,12,0,12,0,12,0,12,0,12,8,8,0,12,18,11,547,74,511,75,472,64,39,47,39,47,0,12,0,12,0,12,0,12,0,12,0,12,0,12,0,12,0,12,0,12,0,12,36,17
06000US0900344700,"Manchester town, Hartford County, CT",29876,762,27393,772,24839,803,2554,427,2053,366,337,173,164,79,894,224,865,220,0,28,0,28,29,32,0,28,20,23,400,174,218,98,951,186,15453,565,14207,532,12710,522,1497,308,1261,294,131,63,105,58,374,133,359,128,0,28,0,28,15,21,0,28,20,23,308,169,103,50,441,130,14423,556,13186,568,12129,583,1057,244,792,197,206,151,59,44,520,179,506,180,0,28,0,28,14,22,0,28,0,28,92,60,115,85,510,121
06000US0900345820,"Marlborough town, Hartford County, CT",3244,214,3089,238,2916,233,173,100,75,61,77,79,21,24,15,24,15,24,0,17,0,17,0,17,0,17,0,17,26,38,9,15,105,69,1762,149,1688,156,1594,149,94,85,24,36,59,73,11,18,0,17,0,17,0,17,0,17,0,17,0,17,0,17,0,17,9,15,65,53,1482,187,1401,190,1322,188,79,58,51,49,18,28,10,16,15,24,15,24,0,17,0,17,0,17,0,17,0,17,26,38,0,17,40,42
06000US0900350440,"New Britain town, Hartford County, CT",32286,916,28133,891,24693,935,3440,447,2641,367,507,173,292,103,1120,269,1102,270,0,28,0,28,18,23,0,28,26,31,1115,226,1288,314,604,174,16397,569,14249,630,12504,655,1745,273,1299,217,215,110,231,104,531,183,531,183,0,28,0,28,0,28,0,28,17,27,612,172,663,236,325,138,15889,763,13884,689,12189,681,1695,306,1342,269,292,125,61,46,589,186,571,185,0,28,0,28,18,23,0,28,9,15,503,153,625,197,279,91
06000US0900352140,"Newington town, Hartford County, CT",15691,511,14858,512,13626,551,1232,321,1080,303,93,93,59,44,264,89,251,95,0,25,0,25,13,19,0,25,15,25,176,97,86,50,292,89,7802,369,7525,372,6815,399,710,220,664,217,24,30,22,23,108,64,108,64,0,25,0,25,0,25,0,25,15,25,31,30,41,37,82,42,7889,416,7333,386,6811,395,522,151,416,138,69,66,37,39,156,72,143,73,0,25,0,25,13,19,0,25,0,25,145,100,45,36,210,80
06000US0900360120,"Plainville town, Hartford County, CT",9431,431,9010,422,8487,422,523,174,414,153,98,82,11,15,50,38,36,30,0,19,14,23,0,19,0,19,69,86,102,61,77,66,123,71,4510,365,4257,352,4014,335,243,94,205,91,38,36,0,19,27,26,27,26,0,19,0,19,0,19,0,19,69,86,62,51,41,40,54,44,4921,326,4753,326,4473,309,280,110,209,90,60,59,11,15,23,27,9,16,0,19,14,23,0,19,0,19,0,19,40,34,36,41,69,49
06000US0900365370,"Rocky Hill town, Hartford County, CT",10301,485,9584,499,8879,501,705,256,624,242,58,57,23,24,286,144,269,144,0,19,17,34,0,19,0,19,0,19,199,127,0,19,232,132,5115,350,4706,358,4271,352,435,175,392,171,27,44,16,24,204,150,204,150,0,19,0,19,0,19,0,19,0,19,71,62,0,19,134,110,5186,381,4878,355,4608,344,270,121,232,112,31,36,7,15,82,65,65,54,0,19,17,34,0,19,0,19,0,19,128,109,0,19,98,69
06000US0900368940,"Simsbury town, Hartford County, CT",11665,333,10441,374,9791,374,650,154,592,148,50,35,8,15,156,64,117,56,0,22,13,16,26,25,0,22,20,23,268,125,61,37,719,157,6315,248,5657,256,5343,254,314,91,273,87,41,33,0,22,74,40,44,30,0,22,4,7,26,25,0,22,20,23,133,91,30,24,401,104,5350,245,4784,266,4448,268,336,106,319,106,9,14,8,15,82,57,73,54,0,22,9,14,0,22,0,22,0,22,135,103,31,30,318,86
06000US0900370550,"Southington town, Hartford County, CT",21882,626,20481,675,18841,726,1640,301,1426,295,82,62,132,65,122,59,98,51,0,25,14,22,10,15,0,25,0,25,334,159,179,92,766,157,11612,423,10863,435,9986,420,877,219,779,213,40,46,58,34,64,45,54,43,0,25,0,25,10,15,0,25,0,25,203,120,93,62,389,119,10270,466,9618,487,8855,503,763,162,647,155,42,40,74,58,58,37,44,30,0,25,14,22,0,25,0,25,0,25,131,69,86,67,377,105
06000US0900371390,"South Windsor town, Hartford County, CT",12928,461,12047,516,10835,572,1212,281,900,246,168,109,144,126,212,99,202,97,0,22,0,22,10,17,0,22,0,22,3,8,67,57,599,192,7018,382,6520,425,5852,404,668,186,522,180,83,63,63,58,141,85,131,84,0,22,0,22,10,17,0,22,0,22,3,8,39,41,315,145,5910,337,5527,366,4983,366,544,177,378,123,85,74,81,87,71,45,71,45,0,22,0,22,0,22,0,22,0,22,0,22,28,37,284,129
06000US0900374540,"Suffield town, Hartford County, CT",6765,320,6233,307,5822,296,411,119,368,114,28,28,15,17,31,31,31,31,0,19,0,19,0,19,0,19,0,19,176,87,25,29,300,94,3568,228,3302,208,3051,213,251,83,229,79,16,21,6,11,23,28,23,28,0,19,0,19,0,19,0,19,0,19,97,68,25,29,121,59,3197,251,2931,249,2771,238,160,60,139,58,12,20,9,12,8,12,8,12,0,19,0,19,0,19,0,19,0,19,79,50,0,19,179,74
06000US0900382590,"West Hartford town, Hartford County, CT",31370,835,28649,802,26299,758,2350,388,1761,329,398,167,191,99,606,157,560,151,0,28,0,28,46,33,0,28,70,39,678,139,196,130,1171,186,15873,689,14453,638,13176,622,1277,272,996,241,184,78,97,66,312,131,287,126,0,28,0,28,25,23,0,28,24,22,384,106,161,127,539,109,15497,513,14196,508,13123,500,1073,200,765,153,214,118,94,58,294,109,273,99,0,28,0,28,21,24,0,28,46,34,294,91,35,29,632,148
06000US0900384900,"Wethersfield town, Hartford County, CT",12716,493,11969,483,11109,472,860,236,757,225,82,50,21,38,276,105,231,88,0,22,34,53,11,17,0,22,60,55,70,42,42,33,299,92,6413,325,6057,349,5631,332,426,148,362,142,57,37,7,16,107,70,78,53,0,22,18,27,11,17,0,22,42,33,33,32,42,33,132,68,6303,374,5912,357,5478,361,434,133,395,124,25,27,14,24,169,79,153,79,0,22,16,26,0,22,0,22,18,25,37,28,0,22,167,78
06000US0900387000,"Windsor town, Hartford County, CT",15018,506,13784,577,12378,659,1406,373,1132,328,76,54,198,170,441,138,435,135,6,9,0,22,0,22,0,22,25,27,92,63,67,46,609,166,7409,401,6811,415,6138,457,673,212,564,196,28,25,81,77,170,89,164,85,6,9,0,22,0,22,0,22,21,25,49,37,11,18,347,116,7609,337,6973,364,6240,362,733,191,568,160,48,43,117,103,271,114,271,114,0,22,0,22,0,22,0,22,4,6,43,47,56,49,262,111
06000US0900387070,"Windsor Locks town, Hartford County, CT",6721,470,6520,486,5758,371,762,360,664,358,54,62,44,34,48,44,48,44,0,19,0,19,0,19,0,19,14,23,10,16,35,34,94,54,3613,269,3521,275,3111,335,410,176,369,174,22,25,19,27,19,30,19,30,0,19,0,19,0,19,0,19,14,23,10,16,24,28,25,24,3108,414,2999,420,2647,281,352,213,295,209,32,39,25,27,29,32,29,32,0,19,0,19,0,19,0,19,0,19,0,19,11,17,69,45
06000US0900502760,"Barkhamsted town, Litchfield County, CT",2117,160,2091,159,2047,161,44,43,43,43,1,2,0,12,2,4,2,4,0,12,0,12,0,12,0,12,0,12,0,12,0,12,24,21,1002,86,1000,86,976,87,24,22,24,22,0,12,0,12,2,4,2,4,0,12,0,12,0,12,0,12,0,12,0,12,0,12,0,12,1115,132,1091,131,1071,131,20,23,19,23,1,2,0,12,0,12,0,12,0,12,0,12,0,12,0,12,0,12,0,12,0,12,24,21
06000US0900504930,"Bethlehem town, Litchfield County, CT",1824,188,1640,176,1520,178,120,68,112,65,0,12,8,12,0,12,0,12,0,12,0,12,0,12,0,12,0,12,40,51,8,14,136,67,952,121,878,125,813,126,65,42,57,37,0,12,8,12,0,12,0,12,0,12,0,12,0,12,0,12,0,12,24,36,8,14,42,42,872,157,762,154,707,144,55,50,55,50,0,12,0,12,0,12,0,12,0,12,0,12,0,12,0,12,0,12,16,26,0,12,94,44
06000US0900508210,"Bridgewater town, Litchfield County, CT",828,79,701,67,665,63,36,16,33,16,3,4,0,12,17,11,3,6,0,12,3,4,11,11,0,12,0,12,20,14,9,8,81,48,450,59,374,51,356,51,18,11,15,10,3,4,0,12,11,11,3,6,0,12,0,12,8,10,0,12,0,12,11,10,5,8,49,33,378,49,327,42,309,41,18,10,18,10,0,12,0,12,6,6,0,12,0,12,3,4,3,5,0,12,0,12,9,8,4,5,32,19
06000US0900510940,"Canaan town, Litchfield County, CT",603,74,511,69,479,69,32,21,22,14,10,14,0,12,0,12,0,12,0,12,0,12,0,12,0,12,4,5,16,11,0,12,72,37,310,50,259,43,240,43,19,14,12,9,7,10,0,12,0,12,0,12,0,12,0,12,0,12,0,12,4,5,9,7,0,12,38,25,293,47,252,47,239,48,13,9,10,7,3,5,0,12,0,12,0,12,0,12,0,12,0,12,0,12,0,12,7,7,0,12,34,21
06000US0900516050,"Colebrook town, Litchfield County, CT",774,77,718,78,637,71,81,40,81,40,0,12,0,12,4,5,0,12,0,12,4,5,0,12,0,12,0,12,3,5,0,12,49,23,430,51,404,50,357,45,47,25,47,25,0,12,0,12,4,5,0,12,0,12,4,5,0,12,0,12,0,12,0,12,0,12,22,14,344,49,314,48,280,45,34,21,34,21,0,12,0,12,0,12,0,12,0,12,0,12,0,12,0,12,0,12,3,5,0,12,27,18
06000US0900517240,"Cornwall town, Litchfield County, CT",726,126,561,96,492,92,69,34,51,28,0,12,18,19,51,22,14,10,0,12,15,13,22,13,0,12,4,5,8,8,12,13,90,49,389,90,308,92,269,92,39,21,28,16,0,12,11,14,34,16,14,10,0,12,8,8,12,9,0,12,4,5,3,4,6,7,34,18,337,53,253,49,223,47,30,16,23,15,0,12,7,7,17,11,0,12,0,12,7,7,10,8,0,12,0,12,5,6,6,8,56,46
06000US0900532290,"Goshen town, Litchfield County, CT",1487,157,1268,162,1170,162,98,63,61,53,31,34,6,11,10,16,0,12,0,12,10,16,0,12,0,12,0,12,73,63,26,29,110,59,816,105,656,96,611,102,45,34,31,29,14,17,0,12,0,12,0,12,0,12,0,12,0,12,0,12,0,12,61,61,15,22,84,55,671,112,612,108,559,105,53,36,30,29,17,19,6,11,10,16,0,12,0,12,10,16,0,12,0,12,0,12,12,19,11,18,26,24
06000US0900537280,"Harwinton town, Litchfield County, CT",2979,176,2712,175,2600,190,112,66,105,64,2,6,5,10,29,32,29,32,0,17,0,17,0,17,0,17,0,17,13,17,0,17,225,81,1597,117,1449,119,1394,127,55,37,50,35,0,17,5,10,12,19,12,19,0,17,0,17,0,17,0,17,0,17,0,17,0,17,136,64,1382,131,1263,129,1206,134,57,42,55,41,2,6,0,17,17,26,17,26,0,17,0,17,0,17,0,17,0,17,13,17,0,17,89,44
06000US0900540290,"Kent town, Litchfield County, CT",1402,160,1013,179,956,183,57,42,33,31,5,13,19,27,56,39,10,15,0,12,46,36,0,12,0,12,13,21,183,136,10,16,127,78,676,120,501,100,484,103,17,17,17,17,0,12,0,12,13,19,0,12,0,12,13,19,0,12,0,12,13,21,108,111,0,12,41,33,726,154,512,146,472,152,40,33,16,17,5,13,19,27,43,35,10,15,0,12,33,31,0,12,0,12,0,12,75,47,10,16,86,63
06000US0900543370,"Litchfield town, Litchfield County, CT",4282,194,3678,230,3528,224,150,57,130,54,6,9,14,20,29,28,23,27,0,17,4,6,2,3,0,17,8,13,248,166,43,27,276,80,2240,180,1893,160,1818,155,75,33,55,30,6,9,14,20,11,13,11,13,0,17,0,17,0,17,0,17,8,13,120,158,35,28,173,61,2042,198,1785,179,1710,176,75,38,75,38,0,17,0,17,18,16,12,15,0,17,4,6,2,3,0,17,0,17,128,167,8,14,103,39
06000US0900549460,"Morris town, Litchfield County, CT",1298,126,1138,127,1084,125,54,32,54,32,0,12,0,12,9,13,0,12,0,12,9,13,0,12,0,12,0,12,17,17,13,19,121,48,686,97,586,100,542,97,44,28,44,28,0,12,0,12,4,7,0,12,0,12,4,7,0,12,0,12,0,12,13,13,7,10,76,41,612,75,552,76,542,74,10,11,10,11,0,12,0,12,5,7,0,12,0,12,5,7,0,12,0,12,0,12,4,6,6,10,45,35
06000US0900551350,"New Hartford town, Litchfield County, CT",3703,304,3453,350,3206,380,247,156,187,160,28,35,32,36,0,17,0,17,0,17,0,17,0,17,0,17,0,17,32,31,0,17,218,108,1895,239,1799,246,1718,250,81,91,68,89,0,17,13,21,0,17,0,17,0,17,0,17,0,17,0,17,0,17,17,27,0,17,79,52,1808,199,1654,223,1488,227,166,83,119,92,28,35,19,29,0,17,0,17,0,17,0,17,0,17,0,17,0,17,15,20,0,17,139,93
06000US0900552630,"New Milford town, Litchfield County, CT",15160,513,14267,530,12525,556,1742,338,1402,286,251,120,89,75,287,125,120,78,0,22,0,22,167,99,0,22,7,13,185,82,11,14,403,109,8552,395,8111,413,6889,390,1222,290,1019,255,143,81,60,56,148,74,67,45,0,22,0,22,81,61,0,22,7,13,91,58,8,13,187,80,6608,377,6156,374,5636,377,520,150,383,120,108,81,29,31,139,95,53,62,0,22,0,22,86,82,0,22,0,22,94,55,3,6,216,85
06000US0900553470,"Norfolk town, Litchfield County, CT",723,93,563,92,521,90,42,27,38,27,0,12,4,5,12,10,0,12,0,12,9,9,3,4,0,12,0,12,51,33,7,6,90,34,395,57,296,51,269,50,27,19,27,19,0,12,0,12,9,9,0,12,0,12,9,9,0,12,0,12,0,12,37,28,4,5,49,28,328,64,267,58,252,58,15,11,11,10,0,12,4,5,3,4,0,12,0,12,0,12,3,4,0,12,0,12,14,12,3,4,41,24
06000US0900554030,"North Canaan town, Litchfield County, CT",1467,172,1369,158,1304,157,65,52,65,52,0,12,0,12,0,12,0,12,0,12,0,12,0,12,0,12,0,12,39,29,25,28,34,32,733,127,659,116,625,118,34,31,34,31,0,12,0,12,0,12,0,12,0,12,0,12,0,12,0,12,0,12,39,29,25,28,10,15,734,119,710,120,679,119,31,31,31,31,0,12,0,12,0,12,0,12,0,12,0,12,0,12,0,12,0,12,0,12,0,12,24,29
06000US0900560750,"Plymouth town, Litchfield County, CT",6142,293,5797,278,5402,296,395,140,270,97,18,18,107,76,33,38,33,38,0,19,0,19,0,19,0,19,0,19,111,68,15,18,186,97,3217,192,3012,192,2821,214,191,82,154,74,6,9,31,30,12,17,12,17,0,19,0,19,0,19,0,19,0,19,71,49,4,7,118,73,2925,230,2785,222,2581,211,204,83,116,62,12,15,76,65,21,34,21,34,0,19,0,19,0,19,0,19,0,19,40,47,11,16,68,60
06000US0900565930,"Roxbury town, Litchfield County, CT",1236,147,1055,145,1027,145,28,19,25,19,0,12,3,6,28,29,0,12,0,12,12,13,16,25,0,12,0,12,35,40,5,8,113,41,637,72,558,69,548,71,10,12,10,12,0,12,0,12,12,13,0,12,0,12,12,13,0,12,0,12,0,12,20,27,0,12,47,30,599,107,497,106,479,101,18,16,15,15,0,12,3,6,16,25,0,12,0,12,0,12,16,25,0,12,0,12,15,16,5,8,66,24
06000US0900566420,"Salisbury town, Litchfield County, CT",1623,176,1198,164,1133,165,65,44,65,44,0,12,0,12,80,58,28,28,0,12,41,36,11,18,0,12,0,12,195,104,0,12,150,74,814,129,607,120,574,118,33,29,33,29,0,12,0,12,69,50,17,22,0,12,41,36,11,18,0,12,0,12,50,43,0,12,88,49,809,116,591,117,559,111,32,29,32,29,0,12,0,12,11,17,11,17,0,12,0,12,0,12,0,12,0,12,145,89,0,12,62,43
06000US0900567960,"Sharon town, Litchfield County, CT",1304,146,954,158,868,167,86,59,65,54,0,12,21,24,67,58,21,31,0,12,24,37,22,33,0,12,0,12,50,34,30,32,203,89,753,116,555,100,500,110,55,38,34,30,0,12,21,24,48,48,12,27,0,12,24,37,12,17,0,12,0,12,29,26,13,19,108,73,551,99,399,99,368,99,31,31,31,31,0,12,0,12,19,22,9,15,0,12,0,12,10,17,0,12,0,12,21,23,17,26,95,46
06000US0900575730,"Thomaston town, Litchfield County, CT",4387,209,4149,217,3853,242,296,112,257,104,33,30,6,10,10,15,10,15,0,17,0,17,0,17,0,17,0,17,71,64,0,17,157,99,2137,151,2089,154,1913,152,176,93,143,86,33,30,0,17,0,17,0,17,0,17,0,17,0,17,0,17,0,17,10,15,0,17,38,56,2250,204,2060,196,1940,199,120,66,114,66,0,17,6,10,10,15,10,15,0,17,0,17,0,17,0,17,0,17,61,63,0,17,119,59
06000US0900576570,"Torrington town, Litchfield County, CT",17477,535,16167,568,14429,547,1738,284,1356,256,225,105,157,67,189,81,141,72,16,23,12,22,20,23,0,25,0,25,501,183,133,90,487,176,8625,378,7972,364,7011,336,961,190,727,168,151,85,83,44,133,68,91,59,16,23,6,11,20,23,0,25,0,25,328,138,26,29,166,83,8852,408,8195,402,7418,404,777,156,629,138,74,49,74,56,56,42,50,41,0,25,6,12,0,25,0,25,0,25,173,112,107,88,321,127
06000US0900579510,"Warren town, Litchfield County, CT",731,90,616,84,522,67,94,81,72,82,17,12,5,7,36,19,6,6,0,12,17,16,13,8,0,12,0,12,16,10,0,12,63,24,388,53,330,47,275,42,55,42,42,42,11,9,2,4,30,17,3,4,0,12,14,13,13,8,0,12,0,12,9,7,0,12,19,14,343,49,286,50,247,41,39,40,30,40,6,6,3,4,6,6,3,5,0,12,3,4,0,12,0,12,0,12,7,7,0,12,44,20
06000US0900579720,"Washington town, Litchfield County, CT",1908,174,1371,176,1302,171,69,46,69,46,0,12,0,12,134,63,29,27,0,12,62,44,43,41,0,12,11,17,199,165,7,11,186,80,1092,133,787,130,744,126,43,35,43,35,0,12,0,12,85,46,13,19,0,12,41,32,31,28,0,12,0,12,111,90,7,11,102,53,816,109,584,110,558,109,26,24,26,24,0,12,0,12,49,33,16,17,0,12,21,22,12,19,0,12,11,17,88,84,0,12,84,48
06000US0900580490,"Watertown town, Litchfield County, CT",11969,500,11008,574,10306,593,702,238,582,212,22,34,98,117,29,39,29,39,0,22,0,22,0,22,0,22,0,22,257,151,136,88,539,164,6091,341,5531,382,5141,404,390,150,315,120,22,34,53,81,29,39,29,39,0,22,0,22,0,22,0,22,0,22,144,103,87,67,300,123,5878,429,5477,449,5165,444,312,136,267,136,0,22,45,43,0,22,0,22,0,22,0,22,0,22,0,22,0,22,113,109,49,57,239,101
06000US0900586440,"Winchester town, Litchfield County, CT",5540,397,5308,424,4564,409,744,272,639,252,105,104,0,19,31,40,3,6,0,19,0,19,28,39,0,19,0,19,93,78,0,19,108,73,2666,249,2564,257,2171,240,393,146,350,139,43,43,0,19,30,40,2,6,0,19,0,19,28,39,0,19,0,19,10,17,0,19,62,51,2874,276,2744,304,2393,292,351,156,289,141,62,69,0,19,1,2,1,2,0,19,0,19,0,19,0,19,0,19,83,76,0,19,46,46
06000US0900587910,"Woodbury town, Litchfield County, CT",5159,271,4553,289,4360,302,193,89,107,61,73,57,13,22,75,57,39,36,0,17,0,17,36,34,0,17,0,17,75,54,0,17,456,123,2766,207,2468,207,2343,210,125,68,63,46,62,54,0,17,47,37,11,15,0,17,0,17,36,34,0,17,0,17,26,28,0,17,225,94,2393,241,2085,226,2017,221,68,48,44,35,11,20,13,22,28,32,28,32,0,17,0,17,0,17,0,17,0,17,49,44,0,17,231,84
06000US0900714300,"Chester town, Middlesex County, CT",2063,175,1844,197,1722,193,122,75,82,53,40,51,0,12,16,25,16,25,0,12,0,12,0,12,0,12,0,12,89,68,9,13,105,60,1107,160,1020,159,947,156,73,49,42,32,31,37,0,12,9,22,9,22,0,12,0,12,0,12,0,12,0,12,39,52,9,13,30,29,956,119,824,118,775,122,49,32,40,30,9,14,0,12,7,13,7,13,0,12,0,12,0,12,0,12,0,12,50,46,0,12,75,55
06000US0900715350,"Clinton town, Middlesex County, CT",6659,272,6090,245,5699,240,391,126,323,111,32,31,36,29,224,89,42,46,0,19,0,19,182,72,0,19,0,19,59,38,47,44,239,68,3476,190,3109,192,2917,183,192,73,181,71,0,19,11,13,158,71,41,46,0,19,0,19,117,55,0,19,0,19,45,35,15,18,149,54,3183,213,2981,218,2782,210,199,85,142,73,32,31,25,27,66,42,1,3,0,19,0,19,65,42,0,19,0,19,14,16,32,42,90,48
06000US0900718080,"Cromwell town, Middlesex County, CT",7215,419,6818,401,6355,400,463,141,410,147,10,16,43,51,19,22,9,14,0,19,10,17,0,19,0,19,8,12,110,63,49,38,211,87,3626,284,3387,282,3155,279,232,82,194,84,10,16,28,44,0,19,0,19,0,19,0,19,0,19,0,19,8,12,81,55,49,38,101,66,3589,276,3431,273,3200,271,231,90,216,87,0,19,15,25,19,22,9,14,0,19,10,17,0,19,0,19,0,19,29,33,0,19,110,60
06000US0900719130,"Deep River town, Middlesex County, CT",2653,183,2259,201,2120,202,139,83,81,78,43,37,15,20,43,37,16,20,0,12,18,28,0,12,9,14,0,12,109,71,18,28,224,95,1332,128,1141,126,1075,125,66,48,49,46,15,25,2,4,0,12,0,12,0,12,0,12,0,12,0,12,0,12,73,45,18,28,100,71,1321,151,1118,150,1045,150,73,51,32,37,28,31,13,20,43,37,16,20,0,12,18,28,0,12,9,14,0,12,36,58,0,12,124,58
06000US0900720810,"Durham town, Middlesex County, CT",3983,239,3790,244,3515,291,275,149,262,147,13,22,0,17,0,17,0,17,0,17,0,17,0,17,0,17,0,17,94,76,0,17,99,68,2045,149,1968,149,1868,165,100,76,100,76,0,17,0,17,0,17,0,17,0,17,0,17,0,17,0,17,0,17,57,49,0,17,20,25,1938,170,1822,175,1647,195,175,88,162,85,13,22,0,17,0,17,0,17,0,17,0,17,0,17,0,17,0,17,37,41,0,17,79,55
06000US0900722280,"East Haddam town, Middlesex County, CT",4592,254,4219,252,3833,271,386,181,265,132,107,91,14,23,27,32,11,19,0,17,16,26,0,17,0,17,0,17,93,80,31,46,222,106,2368,177,2198,180,2013,207,185,97,119,69,66,65,0,17,0,17,0,17,0,17,0,17,0,17,0,17,0,17,54,65,31,46,85,62,2224,235,2021,228,1820,219,201,103,146,86,41,40,14,23,27,32,11,19,0,17,16,26,0,17,0,17,0,17,39,30,0,17,137,76
06000US0900722490,"East Hampton town, Middlesex County, CT",7052,336,6394,324,5849,359,545,167,451,156,9,15,85,61,91,62,91,62,0,19,0,19,0,19,0,19,6,11,182,76,31,28,348,111,3709,227,3401,242,3075,254,326,122,248,115,9,15,69,56,46,36,46,36,0,19,0,19,0,19,0,19,6,11,105,69,9,12,142,88,3343,257,2993,265,2774,271,219,77,203,71,0,19,16,26,45,46,45,46,0,19,0,19,0,19,0,19,0,19,77,53,22,25,206,92
06000US0900726270,"Essex town, Middlesex County, CT",3111,295,2590,271,2299,279,291,145,276,145,0,17,15,23,114,87,27,31,0,17,0,17,87,83,0,17,0,17,0,17,30,35,377,146,1572,181,1334,162,1170,171,164,84,149,82,0,17,15,23,46,42,27,31,0,17,0,17,19,29,0,17,0,17,0,17,30,35,162,94,1539,222,1256,185,1129,182,127,78,127,78,0,17,0,17,68,78,0,17,0,17,0,17,68,78,0,17,0,17,0,17,0,17,215,105
06000US0900735230,"Haddam town, Middlesex County, CT",4649,307,4457,310,4179,305,278,144,181,105,15,25,82,90,14,21,14,21,0,17,0,17,0,17,0,17,0,17,37,51,0,17,141,81,2342,175,2278,174,2161,185,117,73,78,62,15,25,24,36,0,17,0,17,0,17,0,17,0,17,0,17,0,17,7,12,0,17,57,46,2307,223,2179,231,2018,218,161,104,103,75,0,17,58,69,14,21,14,21,0,17,0,17,0,17,0,17,0,17,30,50,0,17,84,58
06000US0900740710,"Killingworth town, Middlesex County, CT",3537,247,3188,283,3120,287,68,62,57,58,11,22,0,17,16,25,0,17,0,17,0,17,16,25,0,17,0,17,50,45,0,17,283,121,1823,182,1587,189,1545,193,42,40,42,40,0,17,0,17,0,17,0,17,0,17,0,17,0,17,0,17,0,17,50,45,0,17,186,97,1714,172,1601,183,1575,179,26,32,15,24,11,22,0,17,16,25,0,17,0,17,0,17,16,25,0,17,0,17,0,17,0,17,97,69
06000US0900747080,"Middlefield town, Middlesex County, CT",2291,156,2117,152,2038,156,79,40,47,34,11,17,21,23,14,16,14,16,0,12,0,12,0,12,0,12,0,12,4,9,16,19,140,73,1250,93,1175,91,1146,92,29,24,10,13,11,17,8,12,8,13,8,13,0,12,0,12,0,12,0,12,0,12,4,9,6,10,57,37,1041,122,942,120,892,123,50,33,37,27,0,12,13,19,6,9,6,9,0,12,0,12,0,12,0,12,0,12,0,12,10,16,83,52
06000US0900747360,"Middletown town, Middlesex County, CT",24125,654,20849,671,18973,692,1876,335,1550,314,165,97,161,90,747,217,731,215,10,16,0,25,6,11,0,25,46,36,1402,280,276,121,805,222,12117,496,10482,477,9526,504,956,249,752,238,84,58,120,79,439,170,423,168,10,16,0,25,6,11,0,25,37,33,662,232,178,87,319,138,12008,455,10367,510,9447,510,920,179,798,163,81,76,41,45,308,145,308,145,0,25,0,25,0,25,0,25,9,15,740,201,98,76,486,140
06000US0900757320,"Old Saybrook town, Middlesex County, CT",4642,334,4065,347,3760,322,305,108,277,102,15,23,13,21,136,85,18,23,0,19,17,25,39,44,62,62,13,21,42,32,23,23,363,142,2442,247,2136,248,1974,227,162,89,147,85,15,23,0,19,56,59,1,2,0,19,9,13,14,21,32,53,0,19,11,16,22,23,217,119,2200,218,1929,239,1786,233,143,51,130,47,0,19,13,21,80,54,17,23,0,19,8,12,25,27,30,35,13,21,31,30,1,3,146,73
06000US0900761800,"Portland town, Middlesex County, CT",4977,249,4540,258,4326,274,214,101,187,92,7,11,20,27,81,71,81,71,0,17,0,17,0,17,0,17,0,17,37,59,32,33,287,120,2630,192,2471,223,2359,231,112,69,93,57,7,11,12,22,15,23,15,23,0,17,0,17,0,17,0,17,0,17,0,17,16,20,128,87,2347,203,2069,206,1967,197,102,53,94,51,0,17,8,14,66,60,66,60,0,17,0,17,0,17,0,17,0,17,37,59,16,27,159,76
06000US0900781680,"Westbrook town, Middlesex County, CT",3294,273,2942,318,2731,302,211,128,151,102,0,17,60,76,10,16,0,17,0,17,0,17,0,17,10,16,0,17,98,107,51,61,193,121,1685,187,1527,213,1410,221,117,89,104,86,0,17,13,20,0,17,0,17,0,17,0,17,0,17,0,17,0,17,0,17,51,61,107,83,1609,221,1415,215,1321,213,94,86,47,44,0,17,47,74,10,16,0,17,0,17,0,17,0,17,10,16,0,17,98,107,0,17,86,74
06000US0900901220,"Ansonia town, New Haven County, CT",8726,481,8054,506,7229,538,825,250,699,234,82,58,44,61,266,143,195,140,0,19,8,14,63,47,0,19,0,19,89,83,115,129,202,113,4370,381,3878,354,3431,336,447,200,380,191,33,37,34,46,134,124,108,120,0,19,8,14,18,15,0,19,0,19,72,58,115,129,171,112,4356,367,4176,377,3798,394,378,135,319,129,49,39,10,16,132,90,87,83,0,19,0,19,45,45,0,19,0,19,17,53,0,19,31,30
06000US0900903250,"Beacon Falls town, New Haven County, CT",3104,227,2981,232,2826,229,155,98,111,86,44,47,0,17,25,39,0,17,0,17,0,17,25,39,0,17,0,17,18,28,16,26,64,53,1691,166,1609,166,1511,169,98,80,81,76,17,26,0,17,25,39,0,17,0,17,0,17,25,39,0,17,0,17,0,17,16,26,41,40,1413,183,1372,180,1315,188,57,50,30,33,27,39,0,17,0,17,0,17,0,17,0,17,0,17,0,17,0,17,18,28,0,17,23,26
06000US0900904580,"Bethany town, New Haven County, CT",2870,192,2703,185,2590,182,113,70,66,47,24,38,23,37,29,34,0,17,0,17,0,17,29,34,0,17,0,17,41,34,0,17,97,52,1465,122,1386,118,1324,111,62,42,49,37,0,17,13,20,19,20,0,17,0,17,0,17,19,20,0,17,0,17,16,19,0,17,44,35,1405,167,1317,162,1266,170,51,46,17,19,24,38,10,17,10,16,0,17,0,17,0,17,10,16,0,17,0,17,25,28,0,17,53,35
06000US0900907310,"Branford town, New Haven County, CT",14353,538,12873,557,11966,517,907,257,852,249,43,35,12,15,619,155,206,94,0,22,31,31,382,139,0,22,92,67,133,83,63,52,573,161,6898,408,6093,413,5678,398,415,133,391,131,20,22,4,6,310,107,177,89,0,22,13,23,120,62,0,22,92,67,56,42,46,43,301,97,7455,381,6780,400,6288,388,492,163,461,156,23,28,8,14,309,129,29,27,0,22,18,21,262,130,0,22,0,22,77,58,17,21,272,117
06000US0900914160,"Cheshire town, New Haven County, CT",14130,552,12644,533,11678,513,966,259,844,245,101,88,21,27,190,108,156,103,0,22,20,32,14,22,0,22,13,23,474,442,37,33,772,154,7366,454,6522,345,5983,347,539,148,471,142,47,41,21,27,34,39,0,22,0,22,20,32,14,22,0,22,13,23,355,424,28,30,414,106,6764,351,6122,347,5695,349,427,148,373,133,54,56,0,22,156,103,156,103,0,22,0,22,0,22,0,22,0,22,119,84,9,14,358,104
06000US0900919550,"Derby town, New Haven County, CT",6384,433,5702,460,5129,481,573,284,391,183,110,110,72,92,306,175,200,148,0,19,0,19,106,102,0,19,0,19,204,139,11,18,161,117,3160,370,2942,387,2634,410,308,159,225,127,83,93,0,19,47,38,30,33,0,19,0,19,17,25,0,19,0,19,56,51,0,19,115,79,3224,350,2760,302,2495,284,265,179,166,105,27,34,72,92,259,171,170,146,0,19,0,19,89,98,0,19,0,19,148,133,11,18,46,57
06000US0900922910,"East Haven town, New Haven County, CT",14044,496,13353,520,12267,544,1086,227,923,215,92,83,71,58,252,113,161,88,0,22,27,39,64,47,0,22,19,31,78,69,140,95,202,82,7293,356,6999,375,6366,383,633,144,523,124,84,76,26,28,82,62,38,32,0,22,27,39,17,27,0,22,19,31,23,37,57,56,113,54,6751,433,6354,423,5901,418,453,141,400,138,8,14,45,48,170,86,123,80,0,22,0,22,47,38,0,22,0,22,55,59,83,51,89,56
06000US0900934950,"Guilford town, New Haven County, CT",11757,558,10275,582,9461,551,814,225,707,202,64,51,43,41,330,117,49,51,0,22,13,21,268,107,0,22,27,32,75,59,69,47,981,225,5821,359,5172,368,4750,342,422,141,360,122,37,40,25,31,115,69,5,13,0,22,13,21,97,64,0,22,27,32,28,25,53,39,426,137,5936,424,5103,425,4711,399,392,137,347,125,27,31,18,28,215,98,44,55,0,22,0,22,171,88,0,22,0,22,47,52,16,20,555,155
06000US0900935650,"Hamden town, New Haven County, CT",31767,1014,27635,993,25020,935,2615,358,2061,333,269,126,285,131,1296,351,1145,329,0,28,17,20,106,67,28,47,203,120,1510,499,216,116,907,264,14794,610,12701,571,11455,546,1246,239,833,177,211,120,202,95,822,280,730,270,0,28,17,20,62,50,13,22,196,115,655,284,111,76,309,112,16973,792,14934,745,13565,711,1369,250,1228,253,58,47,83,62,474,167,415,156,0,28,0,28,44,42,15,25,7,11,855,334,105,84,598,211
06000US0900944560,"Madison town, New Haven County, CT",8298,447,7112,416,6728,395,384,134,330,129,11,17,43,39,124,61,15,24,0,19,0,19,109,56,0,19,19,24,125,75,6,10,912,214,4468,278,3812,294,3627,269,185,93,172,88,0,19,13,20,90,58,15,24,0,19,0,19,75,52,0,19,7,12,52,41,6,10,501,134,3830,295,3300,261,3101,249,199,82,158,82,11,17,30,34,34,33,0,19,0,19,0,19,34,33,0,19,12,20,73,57,0,19,411,130
06000US0900946520,"Meriden town, New Haven County, CT",28875,706,26310,769,23789,796,2521,358,2003,336,316,121,202,100,474,163,349,119,0,28,29,33,96,109,0,28,49,43,712,228,691,222,639,181,14392,596,13159,580,11907,574,1252,258,1047,236,136,76,69,60,266,141,165,83,0,28,14,23,87,109,0,28,34,39,431,207,267,122,235,110,14483,542,13151,556,11882,540,1269,225,956,195,180,85,133,85,208,81,184,78,0,28,15,24,9,16,0,28,15,22,281,109,424,160,404,136
06000US0900946940,"Middlebury town, New Haven County, CT",3416,191,3190,177,2974,208,216,97,134,69,38,30,44,42,11,11,4,7,0,17,0,17,7,10,0,17,12,19,31,33,9,14,163,77,1785,130,1649,120,1499,130,150,75,114,65,13,15,23,26,11,11,4,7,0,17,0,17,7,10,0,17,12,19,11,17,0,17,102,53,1631,153,1541,154,1475,163,66,41,20,19,25,27,21,24,0,17,0,17,0,17,0,17,0,17,0,17,0,17,20,29,9,14,61,53
06000US0900947535,"Milford town, New Haven County, CT",27648,713,24834,743,22947,690,1887,331,1535,299,208,88,144,74,1229,209,123,69,11,18,63,50,1032,207,0,28,18,22,221,80,113,60,1233,281,14391,589,12877,585,11802,560,1075,222,821,189,133,68,121,65,713,159,33,30,11,18,25,24,644,157,0,28,18,22,86,43,62,39,635,194,13257,502,11957,512,11145,481,812,181,714,173,75,54,23,25,516,137,90,61,0,28,38,35,388,120,0,28,0,28,135,60,51,38,598,151
06000US0900949950,"Naugatuck town, New Haven County, CT",15576,646,14784,672,13338,659,1446,326,1000,268,234,140,212,127,103,85,14,16,0,25,0,25,89,83,0,25,0,25,140,105,72,76,477,176,7956,607,7687,609,6996,608,691,198,431,162,126,94,134,84,55,71,4,8,0,25,0,25,51,71,0,25,0,25,47,48,19,30,148,81,7620,488,7097,510,6342,494,755,211,569,186,108,72,78,89,48,47,10,15,0,25,0,25,38,45,0,25,0,25,93,99,53,54,329,149
06000US0900952070,"New Haven town, New Haven County, CT",56505,1356,37886,1341,32685,1328,5201,673,3899,629,668,270,634,203,6953,675,6094,606,79,121,80,49,700,167,0,28,1505,254,7522,577,652,203,1987,379,26914,1073,17778,903,15188,805,2590,408,1819,380,470,229,301,148,3036,493,2580,440,74,120,50,48,332,118,0,28,1002,226,3903,465,276,122,919,260,29591,1012,20108,837,17497,886,2611,464,2080,401,198,124,333,187,3917,463,3514,444,5,10,30,25,368,115,0,28,503,135,3619,364,376,150,1068,211
06000US0900953890,"North Branford town, New Haven County, CT",7527,390,6981,429,6252,413,729,270,580,252,99,80,50,51,156,133,1,2,0,19,0,19,155,133,0,19,0,19,60,55,41,65,289,109,3934,325,3618,306,3138,288,480,215,386,206,59,53,35,38,135,126,0,19,0,19,0,19,135,126,0,19,0,19,16,24,41,65,124,65,3593,279,3363,285,3114,279,249,113,194,104,40,43,15,21,21,31,1,2,0,19,0,19,20,31,0,19,0,19,44,51,0,19,165,85
06000US0900954870,"North Haven town, New Haven County, CT",12156,441,11189,461,10479,483,710,230,615,225,65,84,30,26,346,149,259,129,0,22,0,22,87,55,0,22,8,13,49,42,64,53,500,124,6267,342,5814,361,5437,370,377,151,316,123,48,77,13,20,157,91,132,80,0,22,0,22,25,28,0,22,0,22,3,7,27,34,266,98,5889,339,5375,327,5042,332,333,151,299,148,17,28,17,16,189,92,127,78,0,22,0,22,62,46,0,22,8,13,46,42,37,42,234,90
06000US0900957600,"Orange town, New Haven County, CT",6577,316,5809,297,5364,288,445,127,353,102,50,54,42,43,242,78,13,19,0,19,0,19,229,74,0,19,15,24,9,14,18,20,484,159,3608,243,3101,219,2930,220,171,63,135,51,27,32,9,15,191,73,13,19,0,19,0,19,178,69,0,19,15,24,9,14,10,15,282,102,2969,262,2708,250,2434,234,274,94,218,76,23,27,33,41,51,41,0,19,0,19,0,19,51,41,0,19,0,19,0,19,8,12,202,78
06000US0900958300,"Oxford town, New Haven County, CT",6502,332,5988,346,5514,361,474,175,474,175,0,19,0,19,57,48,0,19,0,19,14,22,43,44,0,19,0,19,62,53,16,21,379,149,3175,274,3001,278,2808,290,193,84,193,84,0,19,0,19,22,26,0,19,0,19,0,19,22,26,0,19,0,19,37,35,8,15,107,61,3327,235,2987,243,2706,232,281,133,281,133,0,19,0,19,35,39,0,19,0,19,14,22,21,34,0,19,0,19,25,28,8,14,272,119
06000US0900962290,"Prospect town, New Haven County, CT",4885,294,4527,306,4057,305,470,146,324,115,62,65,84,74,11,17,11,17,0,17,0,17,0,17,0,17,0,17,28,29,69,61,250,115,2583,208,2385,215,2114,192,271,106,179,84,37,41,55,57,1,2,1,2,0,17,0,17,0,17,0,17,0,17,18,26,26,28,153,90,2302,193,2142,186,1943,194,199,75,145,71,25,26,29,32,10,17,10,17,0,17,0,17,0,17,0,17,0,17,10,15,43,61,97,62
06000US0900967610,"Seymour town, New Haven County, CT",8380,444,7958,438,7202,451,756,230,652,224,74,51,30,31,87,87,45,72,0,19,0,19,42,47,0,19,0,19,95,102,22,35,218,105,4095,317,3951,311,3526,299,425,160,369,166,38,34,18,26,63,78,45,72,0,19,0,19,18,29,0,19,0,19,0,19,22,35,59,46,4285,356,4007,356,3676,378,331,136,283,113,36,39,12,20,24,38,0,19,0,19,0,19,24,38,0,19,0,19,95,102,0,19,159,97
06000US0900969640,"Southbury town, New Haven County, CT",8292,481,7663,463,7263,484,400,153,287,107,96,80,17,20,6,9,6,9,0,19,0,19,0,19,0,19,0,19,161,98,35,35,427,121,4393,286,3992,286,3806,296,186,96,127,77,42,41,17,20,0,19,0,19,0,19,0,19,0,19,0,19,0,19,110,67,35,35,256,91,3899,357,3671,342,3457,346,214,95,160,77,54,48,0,19,6,9,6,9,0,19,0,19,0,19,0,19,0,19,51,49,0,19,171,78
06000US0900978740,"Wallingford town, New Haven County, CT",23713,739,22003,693,20293,676,1710,328,1283,307,169,98,258,157,223,101,139,86,0,25,0,25,84,65,0,25,33,51,608,220,62,48,784,174,12055,564,10991,505,10040,499,951,231,648,191,126,89,177,127,165,86,81,68,0,25,0,25,84,65,0,25,33,51,412,190,52,41,402,119,11658,541,11012,556,10253,563,759,199,635,186,43,34,81,64,58,49,58,49,0,25,0,25,0,25,0,25,0,25,196,95,10,16,382,115
06000US0900980070,"Waterbury town, New Haven County, CT",44512,1208,40650,1206,35434,1208,5216,607,3690,402,1068,367,458,171,1611,295,1513,281,0,28,27,36,71,67,0,28,45,44,1090,243,527,165,589,160,21837,906,20071,888,17359,864,2712,434,1736,258,681,322,295,135,523,167,448,151,0,28,27,36,48,65,0,28,28,36,668,211,264,106,283,118,22675,883,20579,905,18075,870,2504,367,1954,295,387,140,163,95,1088,245,1065,241,0,28,0,28,23,24,0,28,17,25,422,152,263,128,306,106
06000US0900982870,"West Haven town, New Haven County, CT",26576,701,23607,779,20854,793,2753,413,2226,405,441,189,86,51,1388,278,1060,253,7,11,27,35,294,120,0,28,31,38,838,234,189,116,523,186,12686,660,11278,654,10210,578,1068,263,914,245,113,82,41,43,585,192,426,151,7,11,0,28,152,92,0,28,31,38,471,184,65,60,256,108,13890,549,12329,602,10644,612,1685,303,1312,299,328,146,45,39,803,212,634,196,0,28,27,35,142,87,0,28,0,28,367,130,124,99,267,135
06000US0900987560,"Wolcott town, New Haven County, CT",8927,351,8563,345,8106,398,457,162,379,148,58,58,20,23,61,48,54,46,0,19,0,19,7,11,0,19,0,19,24,26,16,23,263,108,4462,281,4293,267,4095,285,198,86,143,73,35,39,20,23,51,42,44,40,0,19,0,19,7,11,0,19,0,19,24,26,7,12,87,58,4465,315,4270,291,4011,309,259,109,236,103,23,28,0,19,10,15,10,15,0,19,0,19,0,19,0,19,0,19,0,19,9,17,176,89
06000US0900987700,"Woodbridge town, New Haven County, CT",4641,223,4175,266,3901,280,274,148,215,104,0,17,59,89,104,82,27,39,0,17,25,29,52,66,0,17,7,14,32,38,16,26,307,110,2487,171,2126,203,2005,200,121,68,109,60,0,17,12,19,104,82,27,39,0,17,25,29,52,66,0,17,7,14,24,38,0,17,226,106,2154,179,2049,186,1896,199,153,95,106,61,0,17,47,71,0,17,0,17,0,17,0,17,0,17,0,17,0,17,8,12,16,26,81,47
06000US0901106820,"Bozrah town, New London County, CT",1398,93,1352,94,1262,99,90,40,69,36,8,12,13,12,13,19,0,12,0,12,0,12,13,19,0,12,0,12,14,11,0,12,19,17,711,70,696,69,679,71,17,12,13,12,0,12,4,6,0,12,0,12,0,12,0,12,0,12,0,12,0,12,8,7,0,12,7,11,687,70,656,69,583,66,73,37,56,34,8,12,9,11,13,19,0,12,0,12,0,12,13,19,0,12,0,12,6,8,0,12,12,13
06000US0901115910,"Colchester town, New London County, CT",8739,418,8154,466,7311,450,843,217,713,197,84,64,46,47,81,56,81,56,0,19,0,19,0,19,0,19,25,38,160,99,42,48,277,99,4419,313,4133,333,3636,294,497,156,416,145,60,47,21,23,17,15,17,15,0,19,0,19,0,19,0,19,12,18,101,81,42,48,114,70,4320,264,4021,293,3675,300,346,102,297,91,24,28,25,32,64,55,64,55,0,19,0,19,0,19,0,19,13,20,59,57,0,19,163,75
06000US0901123400,"East Lyme town, New London County, CT",8217,339,7565,345,6907,313,658,169,555,155,66,55,37,31,171,68,21,26,0,19,37,48,98,51,15,18,24,27,64,43,58,50,335,95,4277,246,3894,271,3594,264,300,100,238,89,35,41,27,27,116,52,21,26,0,19,22,26,58,41,15,18,3,9,35,33,50,48,179,68,3940,245,3671,246,3313,213,358,101,317,99,31,34,10,16,55,39,0,19,0,19,15,24,40,31,0,19,21,26,29,27,8,15,156,65
06000US0901129910,"Franklin town, New London County, CT",1014,81,959,80,891,80,68,26,68,26,0,12,0,12,5,6,0,12,0,12,5,6,0,12,0,12,0,12,18,12,3,4,29,15,541,55,512,55,466,52,46,20,46,20,0,12,0,12,3,4,0,12,0,12,3,4,0,12,0,12,0,12,11,9,3,4,12,10,473,45,447,47,425,48,22,18,22,18,0,12,0,12,2,4,0,12,0,12,2,4,0,12,0,12,0,12,7,7,0,12,17,11
06000US0901133900,"Griswold town, New London County, CT",6081,418,5853,423,5384,453,469,202,351,181,65,74,53,49,0,19,0,19,0,19,0,19,0,19,0,19,44,67,114,138,0,19,70,69,3177,288,3038,278,2818,290,220,119,140,95,27,39,53,49,0,19,0,19,0,19,0,19,0,19,0,19,44,67,80,110,0,19,15,24,2904,303,2815,314,2566,321,249,109,211,103,38,44,0,19,0,19,0,19,0,19,0,19,0,19,0,19,0,19,34,37,0,19,55,54
06000US0901134250,"Groton town, New London County, CT",22113,639,17423,689,15531,609,1892,349,1514,308,179,96,199,108,635,258,515,261,0,25,11,17,68,51,41,41,115,64,2665,299,233,128,1042,214,13442,507,9587,499,8513,410,1074,265,807,233,92,65,175,101,383,185,317,179,0,25,0,25,48,43,18,24,115,64,2490,269,105,53,762,194,8671,464,7836,496,7018,467,818,201,707,194,87,54,24,29,252,129,198,124,0,25,11,17,20,23,23,33,0,25,175,100,128,103,280,103
06000US0901142390,"Lebanon town, New London County, CT",3740,263,3430,240,3118,244,312,117,245,121,67,65,0,17,12,21,0,17,12,21,0,17,0,17,0,17,0,17,22,33,0,17,276,107,1996,219,1849,199,1664,188,185,103,169,108,16,26,0,17,12,21,0,17,12,21,0,17,0,17,0,17,0,17,22,33,0,17,113,93,1744,161,1581,169,1454,185,127,58,76,49,51,59,0,17,0,17,0,17,0,17,0,17,0,17,0,17,0,17,0,17,0,17,163,70
06000US0901142600,"Ledyard town, New London County, CT",7872,357,7499,352,6908,407,591,280,504,276,47,36,40,50,10,17,0,19,0,19,10,17,0,19,0,19,0,19,31,35,100,75,232,128,4114,282,3855,273,3556,295,299,134,248,130,36,36,15,24,10,17,0,19,0,19,10,17,0,19,0,19,0,19,16,24,100,75,133,95,3758,288,3644,276,3352,298,292,173,256,170,11,17,25,30,0,19,0,19,0,19,0,19,0,19,0,19,0,19,15,25,0,19,99,73
06000US0901143230,"Lisbon town, New London County, CT",2272,115,2084,147,2003,151,81,57,53,46,9,15,19,21,44,54,44,54,0,12,0,12,0,12,0,12,0,12,1,2,99,125,44,38,1149,127,994,118,963,116,31,33,12,19,0,12,19,21,34,51,34,51,0,12,0,12,0,12,0,12,0,12,0,12,87,122,34,33,1123,120,1090,129,1040,130,50,35,41,33,9,15,0,12,10,15,10,15,0,12,0,12,0,12,0,12,0,12,1,2,12,19,10,16
06000US0901144210,"Lyme town, New London County, CT",1202,100,998,104,953,104,45,28,32,22,8,12,5,14,18,16,0,12,0,12,4,6,14,15,0,12,5,7,18,15,7,11,156,51,641,78,517,74,495,73,22,19,10,10,8,12,4,11,10,11,0,12,0,12,4,6,6,9,0,12,5,7,11,11,0,12,98,44,561,72,481,73,458,72,23,19,22,19,0,12,1,3,8,12,0,12,0,12,0,12,8,12,0,12,0,12,7,10,7,11,58,23
06000US0901148900,"Montville town, New London County, CT",9014,465,8502,483,7663,471,839,305,481,195,107,68,251,251,110,60,61,50,0,19,10,17,0,19,39,38,33,32,154,80,73,54,142,75,4685,342,4400,353,3865,308,535,263,230,108,54,38,251,251,74,51,25,30,0,19,10,17,0,19,39,38,33,32,95,52,22,25,61,58,4329,363,4102,380,3798,388,304,119,251,118,53,48,0,19,36,35,36,35,0,19,0,19,0,19,0,19,0,19,59,39,51,48,81,47
06000US0901152350,"New London town, New London County, CT",12719,528,9308,544,7703,538,1605,345,1269,331,182,100,154,90,694,221,568,214,0,22,0,22,49,46,77,67,16,23,1257,223,299,172,1145,230,6992,430,5006,378,4274,375,732,226,616,219,83,62,33,32,363,178,250,163,0,22,0,22,49,46,64,60,7,15,723,153,195,136,698,175,5727,386,4302,318,3429,300,873,209,653,209,99,71,121,71,331,138,318,139,0,22,0,22,0,22,13,20,9,15,534,152,104,87,447,146
06000US0901155500,"North Stonington town, New London County, CT",2770,230,2504,268,2333,253,171,104,130,95,41,38,0,17,0,17,0,17,0,17,0,17,0,17,0,17,0,17,8,16,3,5,255,151,1546,140,1354,157,1237,148,117,76,92,69,25,29,0,17,0,17,0,17,0,17,0,17,0,17,0,17,0,17,1,3,1,2,190,122,1224,169,1150,171,1096,172,54,48,38,42,16,25,0,17,0,17,0,17,0,17,0,17,0,17,0,17,0,17,7,15,2,4,65,63
06000US0901156270,"Norwich town, New London County, CT",19389,688,17444,641,14930,622,2514,429,2178,402,174,134,162,77,999,275,955,282,0,25,18,28,26,35,0,25,5,9,403,164,129,79,409,152,10313,605,9258,542,7894,481,1364,302,1083,288,138,103,143,75,565,205,565,205,0,25,0,25,0,25,0,25,5,9,185,109,54,47,246,121,9076,478,8186,457,7036,468,1150,229,1095,217,36,50,19,23,434,152,390,158,0,25,18,28,26,35,0,25,0,25,218,104,75,58,163,75
06000US0901157040,"Old Lyme town, New London County, CT",3651,255,3171,263,2935,255,236,96,145,70,27,25,64,61,47,31,18,19,0,17,0,17,29,25,0,17,0,17,103,114,16,19,314,118,2011,210,1719,177,1534,174,185,87,106,64,22,23,57,61,16,17,9,13,0,17,0,17,7,12,0,17,0,17,83,112,9,14,184,102,1640,153,1452,152,1401,146,51,31,39,31,5,9,7,11,31,27,9,15,0,17,0,17,22,23,0,17,0,17,20,22,7,12,130,76
06000US0901162150,"Preston town, New London County, CT",2282,189,2235,187,1996,220,239,127,181,106,21,20,37,40,0,12,0,12,0,12,0,12,0,12,0,12,0,12,4,7,0,12,43,25,1183,113,1155,113,1017,117,138,74,117,70,21,20,0,12,0,12,0,12,0,12,0,12,0,12,0,12,0,12,4,7,0,12,24,21,1099,141,1080,141,979,147,101,69,64,57,0,12,37,40,0,12,0,12,0,12,0,12,0,12,0,12,0,12,0,12,0,12,19,18
06000US0901166210,"Salem town, New London County, CT",2014,137,1800,176,1639,190,161,87,161,87,0,12,0,12,0,12,0,12,0,12,0,12,0,12,0,12,0,12,33,36,46,58,135,118,1156,98,1005,114,881,128,124,70,124,70,0,12,0,12,0,12,0,12,0,12,0,12,0,12,0,12,0,12,21,22,46,58,84,69,858,100,795,114,758,119,37,34,37,34,0,12,0,12,0,12,0,12,0,12,0,12,0,12,0,12,0,12,12,16,0,12,51,55
06000US0901171670,"Sprague town, New London County, CT",1539,157,1417,173,1268,167,149,72,128,67,0,12,21,23,26,36,26,36,0,12,0,12,0,12,0,12,0,12,5,8,38,51,53,36,728,106,683,105,592,104,91,52,78,45,0,12,13,21,0,12,0,12,0,12,0,12,0,12,0,12,0,12,0,12,5,9,40,35,811,117,734,121,676,121,58,35,50,32,0,12,8,9,26,36,26,36,0,12,0,12,0,12,0,12,0,12,5,8,33,51,13,13
06000US0901173770,"Stonington town, New London County, CT",9281,337,8132,361,7622,368,510,134,399,115,78,68,33,27,80,47,6,8,0,19,20,14,54,45,0,19,3,5,183,62,117,70,766,170,4905,277,4270,280,4034,276,236,77,180,69,29,27,27,26,35,22,3,6,0,19,12,12,20,18,0,19,3,5,76,46,114,69,407,112,4376,270,3862,296,3588,303,274,93,219,76,49,53,6,9,45,42,3,5,0,19,8,8,34,41,0,19,0,19,107,44,3,5,359,106
06000US0901178600,"Voluntown town, New London County, CT",1448,87,1349,90,1129,93,220,76,142,68,61,45,17,14,7,10,7,10,0,12,0,12,0,12,0,12,0,12,15,16,18,21,59,26,785,77,742,76,609,75,133,60,84,43,32,40,17,14,7,10,7,10,0,12,0,12,0,12,0,12,0,12,3,5,5,8,28,24,663,60,607,62,520,69,87,39,58,37,29,19,0,12,0,12,0,12,0,12,0,12,0,12,0,12,0,12,12,17,13,19,31,17
06000US0901180280,"Waterford town, New London County, CT",9870,385,9281,411,8570,421,711,189,399,152,181,89,131,80,26,33,26,33,0,19,0,19,0,19,0,19,13,23,192,99,18,22,340,117,5227,253,4885,254,4508,251,377,132,197,91,85,68,95,62,10,16,10,16,0,19,0,19,0,19,0,19,13,23,117,69,18,22,184,81,4643,271,4396,288,4062,295,334,103,202,90,96,58,36,40,16,19,16,19,0,19,0,19,0,19,0,19,0,19,75,63,0,19,156,64
06000US0901301080,"Andover town, Tolland County, CT",1686,158,1578,149,1461,141,117,61,109,59,8,12,0,12,7,10,7,10,0,12,0,12,0,12,0,12,0,12,51,50,16,23,34,32,859,110,780,100,713,99,67,38,67,38,0,12,0,12,0,12,0,12,0,12,0,12,0,12,0,12,0,12,44,45,16,23,19,28,827,103,798,107,748,100,50,32,42,29,8,12,0,12,7,10,7,10,0,12,0,12,0,12,0,12,0,12,7,12,0,12,15,18
06000US0901306260,"Bolton town, Tolland County, CT",2919,197,2706,191,2581,198,125,55,96,48,8,13,21,23,0,12,0,12,0,12,0,12,0,12,0,12,7,11,10,16,51,56,145,62,1538,152,1427,150,1367,153,60,39,39,32,0,12,21,23,0,12,0,12,0,12,0,12,0,12,0,12,0,12,0,12,41,51,70,48,1381,153,1279,154,1214,154,65,36,57,35,8,13,0,12,0,12,0,12,0,12,0,12,0,12,0,12,7,11,10,16,10,17,75,41
06000US0901316400,"Columbia town, Tolland County, CT",2963,252,2766,248,2665,248,101,73,101,73,0,17,0,17,30,45,30,45,0,17,0,17,0,17,0,17,0,17,0,17,23,23,144,77,1559,165,1449,182,1440,180,9,16,9,16,0,17,0,17,0,17,0,17,0,17,0,17,0,17,0,17,0,17,0,17,14,25,96,73,1404,152,1317,139,1225,143,92,66,92,66,0,17,0,17,30,45,30,45,0,17,0,17,0,17,0,17,0,17,0,17,9,15,48,48
06000US0901317800,"Coventry town, Tolland County, CT",7049,356,6737,373,6168,390,569,208,404,175,85,93,80,69,20,30,20,30,0,19,0,19,0,19,0,19,0,19,20,27,15,25,257,108,3639,279,3542,280,3222,295,320,128,213,104,35,42,72,68,20,30,20,30,0,19,0,19,0,19,0,19,0,19,0,19,15,25,62,44,3410,267,3195,287,2946,284,249,115,191,91,50,81,8,13,0,19,0,19,0,19,0,19,0,19,0,19,0,19,20,27,0,19,195,109
06000US0901325360,"Ellington town, Tolland County, CT",8301,441,7800,426,7223,495,577,220,465,192,98,101,14,24,58,54,58,54,0,19,0,19,0,19,0,19,0,19,109,64,17,28,317,128,4485,297,4244,296,3913,321,331,152,219,107,98,101,14,24,47,52,47,52,0,19,0,19,0,19,0,19,0,19,81,65,0,19,113,73,3816,397,3556,384,3310,405,246,99,246,99,0,19,0,19,11,17,11,17,0,19,0,19,0,19,0,19,0,19,28,34,17,28,204,100
06000US0901337910,"Hebron town, Tolland County, CT",5126,233,4529,248,4284,258,245,109,225,110,6,14,14,18,130,74,119,71,0,17,0,17,11,18,0,17,13,19,21,32,4,7,429,119,2758,175,2428,182,2292,187,136,66,130,64,6,14,0,17,77,53,66,51,0,17,0,17,11,18,0,17,0,17,21,32,0,17,232,72,2368,182,2101,181,1992,178,109,63,95,63,0,17,14,18,53,41,53,41,0,17,0,17,0,17,0,17,13,19,0,17,4,7,197,76
06000US0901344910,"Mansfield town, Tolland County, CT",10884,641,6604,484,6040,475,564,237,463,212,67,67,34,35,556,173,531,167,0,22,0,22,25,36,0,22,60,54,3079,459,22,20,563,126,4877,412,3139,323,2837,310,302,134,233,121,35,36,34,35,139,81,139,81,0,22,0,22,0,22,0,22,57,53,1266,251,19,21,257,109,6007,447,3465,303,3203,305,262,129,230,117,32,38,0,22,417,138,392,133,0,22,0,22,25,36,0,22,3,7,1813,310,3,7,306,96
06000US0901369220,"Somers town, Tolland County, CT",4693,279,4422,304,4158,295,264,99,240,94,9,15,15,18,53,37,53,37,0,19,0,19,0,19,0,19,8,12,21,23,0,19,189,77,2366,169,2270,167,2147,161,123,64,108,61,0,19,15,18,20,24,20,24,0,19,0,19,0,19,0,19,0,19,7,13,0,19,69,39,2327,200,2152,214,2011,205,141,73,132,71,9,15,0,19,33,36,33,36,0,19,0,19,0,19,0,19,8,12,14,19,0,19,120,67
06000US0901372090,"Stafford town, Tolland County, CT",6314,342,6065,330,5637,322,428,199,386,187,17,27,25,25,0,19,0,19,0,19,0,19,0,19,0,19,12,21,150,104,32,23,55,41,3183,264,3044,247,2757,219,287,148,262,143,0,19,25,25,0,19,0,19,0,19,0,19,0,19,0,19,12,21,75,66,32,23,20,23,3131,267,3021,273,2880,280,141,79,124,72,17,27,0,19,0,19,0,19,0,19,0,19,0,19,0,19,0,19,75,68,0,19,35,34
06000US0901376290,"Tolland town, Tolland County, CT",7907,315,7349,295,7083,300,266,105,187,90,44,55,35,33,57,53,57,53,0,19,0,19,0,19,0,19,0,19,1,2,33,33,467,195,4098,261,3802,240,3692,250,110,60,68,47,18,28,24,27,14,23,14,23,0,19,0,19,0,19,0,19,0,19,1,2,20,23,261,118,3809,247,3547,240,3391,238,156,74,119,72,26,30,11,18,43,42,43,42,0,19,0,19,0,19,0,19,0,19,0,19,13,21,206,107
06000US0901377830,"Union town, Tolland County, CT",520,103,478,95,450,91,28,24,28,24,0,12,0,12,0,12,0,12,0,12,0,12,0,12,0,12,0,12,3,4,0,12,39,34,309,64,300,64,286,62,14,13,14,13,0,12,0,12,0,12,0,12,0,12,0,12,0,12,0,12,0,12,3,4,0,12,6,6,211,54,178,48,164,46,14,13,14,13,0,12,0,12,0,12,0,12,0,12,0,12,0,12,0,12,0,12,0,12,0,12,33,33
06000US0901378250,"Vernon town, Tolland County, CT",15518,569,14190,619,12775,652,1415,359,1163,307,137,84,115,145,359,181,353,182,0,22,0,22,6,11,0,22,0,22,287,169,74,54,608,163,8187,489,7557,513,6846,510,711,248,588,204,54,54,69,87,129,121,123,121,0,22,0,22,6,11,0,22,0,22,90,99,45,40,366,137,7331,382,6633,390,5929,409,704,194,575,178,83,54,46,62,230,126,230,126,0,22,0,22,0,22,0,22,0,22,197,139,29,33,242,103
06000US0901385950,"Willington town, Tolland County, CT",3399,341,3284,347,3174,347,110,61,82,53,0,17,28,30,13,21,13,21,0,17,0,17,0,17,0,17,0,17,0,17,75,74,27,30,1826,250,1784,257,1721,257,63,41,46,36,0,17,17,25,13,21,13,21,0,17,0,17,0,17,0,17,0,17,0,17,16,26,13,21,1573,249,1500,244,1453,241,47,43,36,37,0,17,11,19,0,17,0,17,0,17,0,17,0,17,0,17,0,17,0,17,59,70,14,22
06000US0901501430,"Ashford town, Windham County, CT",2337,173,2208,173,2010,169,198,80,163,75,35,38,0,12,13,21,13,21,0,12,0,12,0,12,0,12,0,12,3,6,29,32,84,52,1073,112,1012,108,907,102,105,48,93,47,12,15,0,12,13,21,13,21,0,12,0,12,0,12,0,12,0,12,3,6,15,16,30,28,1264,133,1196,134,1103,135,93,51,70,44,23,29,0,12,0,12,0,12,0,12,0,12,0,12,0,12,0,12,0,12,14,16,54,43
06000US0901509190,"Brooklyn town, Windham County, CT",3642,335,3259,397,2846,376,413,140,321,129,11,17,81,56,0,17,0,17,0,17,0,17,0,17,0,17,10,16,123,114,41,40,209,97,1991,238,1739,288,1564,286,175,77,106,55,11,17,58,47,0,17,0,17,0,17,0,17,0,17,0,17,0,17,110,113,41,40,101,81,1651,179,1520,178,1282,185,238,116,215,115,0,17,23,35,0,17,0,17,0,17,0,17,0,17,0,17,10,16,13,20,0,17,108,68
06000US0901512130,"Canterbury town, Windham County, CT",2778,200,2651,210,2468,209,183,89,102,64,68,56,13,21,19,20,11,17,0,17,0,17,0,17,8,13,0,17,32,24,11,20,65,56,1383,149,1319,155,1215,155,104,55,55,37,36,31,13,21,19,20,11,17,0,17,0,17,0,17,8,13,0,17,0,17,11,20,34,39,1395,120,1332,131,1253,128,79,48,47,33,32,36,0,17,0,17,0,17,0,17,0,17,0,17,0,17,0,17,32,24,0,17,31,39
06000US0901513810,"Chaplin town, Windham County, CT",1225,106,1114,118,1030,121,84,65,56,34,28,43,0,12,6,10,6,10,0,12,0,12,0,12,0,12,0,12,0,12,49,46,56,39,665,87,621,89,578,86,43,48,27,24,16,25,0,12,0,12,0,12,0,12,0,12,0,12,0,12,0,12,0,12,28,32,16,14,560,76,493,76,452,75,41,31,29,30,12,18,0,12,6,10,6,10,0,12,0,12,0,12,0,12,0,12,0,12,21,33,40,35
06000US0901521860,"Eastford town, Windham County, CT",824,101,740,92,664,86,76,34,41,26,12,12,23,22,0,12,0,12,0,12,0,12,0,12,0,12,4,6,10,12,3,4,67,44,425,60,370,53,352,53,18,13,10,11,3,5,5,6,0,12,0,12,0,12,0,12,0,12,0,12,4,6,10,12,3,4,38,25,399,59,370,56,312,49,58,30,31,20,9,11,18,21,0,12,0,12,0,12,0,12,0,12,0,12,0,12,0,12,0,12,29,21
06000US0901536000,"Hampton town, Windham County, CT",950,95,868,97,798,93,70,30,60,29,4,6,6,7,7,7,7,7,0,12,0,12,0,12,0,12,0,12,17,10,5,5,53,26,501,55,439,54,409,52,30,16,26,16,4,6,0,12,4,5,4,5,0,12,0,12,0,12,0,12,0,12,17,10,5,5,36,22,449,64,429,65,389,62,40,20,34,19,0,12,6,7,3,4,3,4,0,12,0,12,0,12,0,12,0,12,0,12,0,12,17,13
06000US0901540500,"Killingly town, Windham County, CT",8410,488,8126,503,7218,541,908,234,763,228,67,58,78,53,21,27,14,23,0,19,0,19,7,13,0,19,0,19,120,91,23,36,120,84,4334,353,4162,368,3615,397,547,169,453,162,25,26,69,52,7,13,0,19,0,19,0,19,7,13,0,19,0,19,52,50,23,36,90,80,4076,337,3964,313,3603,298,361,144,310,137,42,49,9,10,14,23,14,23,0,19,0,19,0,19,0,19,0,19,68,79,0,19,30,33
06000US0901559980,"Plainfield town, Windham County, CT",7553,450,7186,445,6450,462,736,207,503,162,129,92,104,68,30,37,30,37,0,19,0,19,0,19,0,19,0,19,28,29,65,55,244,126,3917,294,3673,301,3226,289,447,150,313,111,71,57,63,53,17,29,17,29,0,19,0,19,0,19,0,19,0,19,1,2,65,55,161,101,3636,352,3513,341,3224,351,289,118,190,106,58,60,41,33,13,20,13,20,0,19,0,19,0,19,0,19,0,19,27,29,0,19,83,66
06000US0901561030,"Pomfret town, Windham County, CT",2166,209,1947,225,1752,227,195,91,116,71,72,65,7,11,0,12,0,12,0,12,0,12,0,12,0,12,8,14,136,128,0,12,75,54,1140,136,1011,140,886,148,125,72,78,60,47,44,0,12,0,12,0,12,0,12,0,12,0,12,0,12,8,14,66,99,0,12,55,44,1026,125,936,129,866,124,70,37,38,32,25,25,7,11,0,12,0,12,0,12,0,12,0,12,0,12,0,12,70,67,0,12,20,21
06000US0901562710,"Putnam town, Windham County, CT",4330,293,4009,275,3696,281,313,114,271,112,0,17,42,43,15,25,15,25,0,17,0,17,0,17,0,17,0,17,203,136,12,20,91,58,2175,208,1969,194,1844,202,125,64,96,54,0,17,29,32,15,25,15,25,0,17,0,17,0,17,0,17,0,17,123,97,0,17,68,48,2155,225,2040,209,1852,205,188,85,175,86,0,17,13,29,0,17,0,17,0,17,0,17,0,17,0,17,0,17,80,93,12,20,23,30
06000US0901567400,"Scotland town, Windham County, CT",872,79,804,83,745,79,59,24,39,19,13,10,7,7,0,12,0,12,0,12,0,12,0,12,0,12,0,12,17,20,0,12,51,34,490,50,440,44,409,43,31,17,21,13,10,9,0,12,0,12,0,12,0,12,0,12,0,12,0,12,0,12,17,20,0,12,33,31,382,65,364,64,336,61,28,16,18,12,3,4,7,7,0,12,0,12,0,12,0,12,0,12,0,12,0,12,0,12,0,12,18,13
06000US0901573420,"Sterling town, Windham County, CT",1746,197,1563,155,1369,190,194,94,157,92,16,19,21,19,8,13,8,13,0,12,0,12,0,12,0,12,0,12,10,16,0,12,165,92,964,115,854,106,726,114,128,81,121,80,7,13,0,12,8,13,8,13,0,12,0,12,0,12,0,12,0,12,0,12,0,12,102,96,782,160,709,140,643,140,66,44,36,35,9,14,21,19,0,12,0,12,0,12,0,12,0,12,0,12,0,12,10,16,0,12,63,55
06000US0901575870,"Thompson town, Windham County, CT",4672,274,4433,272,4109,302,324,126,252,112,45,55,27,28,0,17,0,17,0,17,0,17,0,17,0,17,0,17,93,76,0,17,146,68,2247,207,2171,200,1974,230,197,98,143,79,45,55,9,15,0,17,0,17,0,17,0,17,0,17,0,17,0,17,39,30,0,17,37,40,2425,199,2262,208,2135,201,127,81,109,79,0,17,18,23,0,17,0,17,0,17,0,17,0,17,0,17,0,17,54,66,0,17,109,56
06000US0901586790,"Windham town, Windham County, CT",11145,539,9334,539,7779,526,1555,390,1103,296,61,54,391,278,253,121,253,121,0,22,0,22,0,22,0,22,10,16,923,244,172,115,453,158,5627,391,4735,386,3703,370,1032,300,644,175,25,29,363,277,134,88,134,88,0,22,0,22,0,22,0,22,10,16,408,136,150,114,190,82,5518,392,4599,364,4076,337,523,175,459,171,36,34,28,29,119,71,119,71,0,22,0,22,0,22,0,22,0,22,515,162,22,24,263,124
06000US0901588190,"Woodstock town, Windham County, CT",3802,328,3547,301,3302,305,245,110,118,82,48,44,79,50,0,17,0,17,0,17,0,17,0,17,0,17,0,17,82,93,36,51,137,88,2056,233,1905,202,1759,213,146,69,67,43,0,17,79,50,0,17,0,17,0,17,0,17,0,17,0,17,0,17,10,16,36,51,105,76,1746,222,1642,213,1543,203,99,68,51,51,48,44,0,17,0,17,0,17,0,17,0,17,0,17,0,17,0,17,72,91,0,17,32,30
